动漫名称,关键词名,类型,平台,别名,发行日期,豆瓣评分,评分人数,短评数量,文字数,攻略数量,是否有联动游戏
浪浪山小妖怪,未找到,无,无,无,无,无,无,无,无,无,无
棉花糖和云朵妈妈1宝贝“芯”计划,未找到,无,无,无,无,无,无,无,无,无,无
长安三万里,未找到,无,无,无,无,无,无,无,无,无,无
超级飞侠：乐迪加速,未找到,无,无,无,无,无,无,无,无,无,无
茶啊二中,未找到,无,无,无,无,无,无,无,无,无,无
欢乐丛林之外星人大冒险,未找到,无,无,无,无,无,无,无,无,无,无
萌鼠大冒险,萌妹大冒险 Spica Adventure,游戏/动作,Nintendo Switch/Arcade/街机,,2003/1/1,,0人评价,1,0,,是
百变马丁：怪兽大作战,未找到,无,无,无,无,无,无,无,无,无,无
超级英雄美猴王：齐天儿,未找到,无,无,无,无,无,无,无,无,无,无
飞向月球,飞向月球 Deliver Us The Moon,游戏/冒险/动作,PC/PS5/XSX/Nintendo Switch/PS4/Xbox One,,2019/10/10,8.1,406,199,4,,是
雪域少年,未找到,无,无,无,无,无,无,无,无,无,无
王牌二哈,未找到,无,无,无,无,无,无,无,无,无,无
龙珠寻游记,未找到,无,无,无,无,无,无,无,无,无,无
嗨！神兽,未找到,无,无,无,无,无,无,无,无,无,无
贝肯熊：火星任务,未找到,无,无,无,无,无,无,无,无,无,无
功夫王之萌虎上山,未找到,无,无,无,无,无,无,无,无,无,无
迷你特工队之汉堡大作战,未找到,无,无,无,无,无,无,无,无,无,无
蚂蚁传奇之终极一战,未找到,无,无,无,无,无,无,无,无,无,无
四季童年,未找到,无,无,无,无,无,无,无,无,无,无
蚂蚁传奇之神木奇缘,未找到,无,无,无,无,无,无,无,无,无,无
舒克贝塔·五角飞碟,未找到,无,无,无,无,无,无,无,无,无,无
天降大任,未找到,无,无,无,无,无,无,无,无,无,无
大雨,大雨滂沱 Rainswept,游戏/冒险,PC/Mac/Linux/Nintendo Switch/PS4/Xbox One,,2018/1/1,7.8,13,9,0,,是
江豚·风时舞,未找到,无,无,无,无,无,无,无,无,无,无
熊出没之逆转时空,未找到,无,无,无,无,无,无,无,无,无,无
雄狮少年2,少年三国志2,游戏/卡牌,iPhone/iPad/Android,,2020/3/27,6.7,32,5,0,,是
盒中之海,盒中之海：重制版 Pause! HEZHONG ZHIHAI：Remake,游戏/射击/模拟/策略/动作,PC/Mac/Linux,,1976/4/1,,0人评价,0,0,,是
新大头儿子和小头爸爸6：迷你大冒险,未找到,无,无,无,无,无,无,无,无,无,无
守龙者,屠龙剑 ドラゴンスレイヤー,游戏/角色扮演,PC/SS/世嘉土星/GB,屠龙者 / 屠龙战记 / Dragon Slayer,1984/10/1,,0人评价,6,1,,是
阿狸,阿莉莎 Alisa,游戏/冒险/动作,PC/Mac/Linux,,2021/10/22,,0人评价,5,0,,是
白蛇：浮生,未找到,无,无,无,无,无,无,无,无,无,无
喜羊羊与灰太狼之守护,恋爱少女与守护之盾 恋する乙女と守護の楯 The Code Name is SHIELD 9,游戏/文字冒险,PC,,2007/6/29,7.3,18,9,0,,是
落凡尘,仙落凡尘,游戏/大型多人在线/角色扮演,浏览器,,2013/1/1,,0人评价,1,0,,是
伞少女,女神异闻录3 重制版 ペルソナ３ リロード,游戏/角色扮演/冒险/策略,PC/PS5/XSX/Nintendo Switch 2/PS4/Xbox One,Persona 3 Reload / P3R,2024/2/2,8.4,2199,1229,31,1,是
头脑特工队2,头脑泡泡特工队 Inside Out Thought Bubbles,游戏/益智,PC/iPhone/iPad/Android,,2015/6/17,,0人评价,1,0,,是
一,战地风云1 Battlefield 1,游戏/第一人称射击/角色扮演/动作,PC/XSX/PS4/Xbox One,战地风云1 / 男朋友1 / 一战风云 / 爹1 / BF1,2016/10/21,9.2,10800,3134,19,,是
休,退休模拟器,游戏/模拟,PC/Mac/iPhone/Android,Retirement Simulator,2022/4/20,5.9,432,106,6,,是
心源,核心元素 ELEX,游戏/角色扮演/冒险/动作,PC/PS4/Xbox One,,2017/10/17,5.7,57,32,1,,是
小诗人,未找到,无,无,无,无,无,无,无,无,无,无
龙门,雀龙门 Janryumon,游戏,,,,,0人评价,11,0,,是
出口,8号出口 ８番出口,游戏/冒险,PC/PS5/Nintendo Switch/PS4,The Exit 8,2023/11/29,7.3,519,263,2,,是
加菲猫家族,未找到,无,无,无,无,无,无,无,无,无,无
猪猪侠大电影·星际行动,未找到,无,无,无,无,无,无,无,无,无,无
开心超人之时空营救,未找到,无,无,无,无,无,无,无,无,无,无
大雨,大雨滂沱 Rainswept,游戏/冒险,PC/Mac/Linux/Nintendo Switch/PS4/Xbox One,,2018/1/1,7.8,13,9,0,,是
趣说经典之论语学堂,未找到,无,无,无,无,无,无,无,无,无,无
开心超人之逆世营救,未找到,无,无,无,无,无,无,无,无,无,无
聊斋：兰若寺,未找到,无,无,无,无,无,无,无,无,无,无
时间之子,失落之子 The Lost Child,游戏/角色扮演,Nintendo Switch/PS4/PSV/PS Vita,ザ・ロストチャイルド,2017/8/24,7.1,13,9,0,,是
恶兽,魔兽争霸：兽人与人类 Warcraft: Orcs & Humans,游戏/即时战略,PC/Mac,Warcraft: Orcs and Humans,1994/1/15,8.1,148,31,0,,是
哪吒之魔童闹海,未找到,无,无,无,无,无,无,无,无,无,无
熊出没·重启未来,未找到,无,无,无,无,无,无,无,无,无,无
