动漫名,豆瓣评分,评分人数,文字数,类型,制片国家/地区,语言,上映日期
玉米的歌声(2023),,0人评价,0, / 动画 / / / 短片, / 中国大陆, / 汉语普通话, / 2023-06-10(中国大陆)
星期五晚上的胡萝卜(2023),,0人评价,0, / 剧情 / / / 动画 / / / 短片, / 中国大陆, / 汉语普通话, / 2023-06-10(中国大陆网络)
晚高峰(2022),,0人评价,0, / 动画 / / / 短片, / 中国大陆, / 汉语普通话, / 2022-06-30(中国大陆)
日出原理(2021),,0人评价,0, / 动画 / / / 短片, / 中国大陆, / 无对白, / 2021-06(中国大陆)
明日恐惧症(2022),,0人评价,0, / 动画 / / / 短片, / 中国大陆, / 无对白, / 2022-05-30(中国大陆)
每天朝山顶推一秒的石头(2021),,0人评价,0, / 动画 / / / 短片, / 中国大陆, / 方言,
唤醒石头里存在的生命(2023),,0人评价,0, / 动画 / / / 短片, / 中国大陆, / 汉语普通话, / 2023-06-10(中国大陆)
水月洞天(2004),8.6,56537,283, / 动作 / / / 奇幻 / / / 古装, / 中国大陆, / 汉语普通话,
心奇爆龙战车之暴龙出击3(2023),,0人评价,0, / 科幻 / / / 动画 / / / 儿童 / / / 冒险, / 中国大陆, / 汉语普通话,
屈原(1999),7.8,505,5, / 剧情 / / / 传记 / / / 历史, / 中国大陆, / 汉语普通话,
卡卡虎大冒险 第四季(2022),,0人评价,0, / 动画, / 中国大陆, / 汉语普通话,
丹道至尊(2023),,0人评价,0, / 动作 / / / 动画 / / / 奇幻, / 中国大陆, / 汉语普通话,
斗破苍穹 第四季(2021),7.1,22973,248, / 动作 / / / 动画 / / / 奇幻 / / / 冒险, / 中国大陆, / 汉语普通话,
毛毛镇 海洋大发现 毛毛镇之海洋大发现(2023),,0人评价,0, / 动画 / / / 儿童 / / / 奇幻 / / / 冒险, / 中国大陆, / 汉语普通话,
无脑魔女(2023),,0人评价,0, / 动画, / 中国大陆, / 汉语普通话,
新大头儿子和小头爸爸：欢乐亲子营(2022),,0人评价,0, / 动画, / 中国大陆, / 汉语普通话 Mandarin,
中国畅想曲(2023),,0人评价,0, / 动画 / / / 音乐, / 中国大陆,,
棉花糖和云朵妈妈 快乐生活2(2023),,0人评价,0, / 动画 / / / 儿童, / 中国大陆,,
奇奇和努娜 第一季(2020),,0人评价,0, / 动画 / / / 儿童, / 中国大陆, / 汉语普通话,
小绿和小蓝 第二季(2023),,0人评价,0, / 动画 / / / 奇幻, / 中国大陆, / 汉语普通话,
怪兽小馆(2023),,0人评价,1, / 动画, / 中国大陆, / 汉语普通话,
时光代理人 第二季(2023),7.7,26596,73, / 动画 / / / 悬疑, / 中国大陆, / 汉语普通话,
四格勇者(2023),,0人评价,0, / 动画, / 中国大陆, / 汉语普通话,
第一序列(2023),7.7,5216,5, / 动画, / 中国大陆, / 汉语普通话,
镇魂街 第三季(2023),7.5,7622,14, / 动画, / 中国大陆, / 汉语普通话,
拇指总动员1(2020),,0人评价,0, / 喜剧 / / / 动画 / / / 儿童, / 中国大陆, / 汉语普通话,
神兽 第一季 The Unicorn Season 1(2019),7.2,396,0, / 喜剧, / 美国, / 英语,
节气小精灵(2023),,0人评价,0, / 动画 / / / 儿童 / / / 奇幻, / 中国大陆, / 汉语普通话,
异空战歌(2023),,0人评价,1, / 动画, / 中国大陆, / 汉语普通话,
巧虎奇幻舞台历险记(2023),,0人评价,1, / 动画, / 中国大陆, / 汉语普通话, / 2023-06-01(中国大陆)
少年英雄小哪吒(2023),,0人评价,0,, / 中国大陆,,
霸王龙雷奇 第一季 霸王龙雷奇(2023),,0人评价,2, / 动画 / / / 儿童, / 中国大陆, / 汉语普通话,
露露和吉米 Lulu und Jimi(2009),,0人评价,0, / 剧情 / / / 爱情 / / / 音乐, / 德国 / 法国, / 德语 / 英语, / 2009-01-22
雪王驾到(2023),8,1717,2, / 喜剧 / / / 动画 / / / 奇幻 / / / 冒险, / 中国大陆, / 汉语普通话,
善恶魔法学院 The School for Good and Evil(2022),5.7,11170,29, / 剧情 / / / 动作 / / / 奇幻, / 美国, / 英语, / 2022-10-19(美国网络)
如果历史是一群喵 第十季(2023),,0人评价,0, / 动画 / / / 历史, / 中国大陆, / 汉语普通话,
诸葛亮之定军山(2023),,0人评价,0, / 动画 / / / 儿童 / / / 传记 / / / 历史 / / / 战争 / / / 古装, / 中国大陆, / 汉语普通话,
致所有我曾爱过的男孩3 To All The Boys: Always And Forever(2021),6.9,8011,14, / 喜剧 / / / 爱情, / 美国, / 英语, / 2021-02-12(美国)
小绿和小蓝 第三季(2023),,0人评价,0, / 剧情 / / / 喜剧 / / / 动作 / / / 动画 / / / 奇幻 / / / 冒险, / 中国大陆, / 汉语普通话,
凹凸学园 第三季(2023),,0人评价,0, / 动画, / 中国大陆, / 汉语普通话,
给我来个小狐狸(2023),,0人评价,0, / 动画, / 中国大陆, / 汉语普通话,
傲世九重天(2023),,0人评价,1, / 动画, / 中国大陆, / 汉语普通话,
明日方舟：冬隐归路 アークナイツ【冬隠帰路/PERISH IN FROST】(2023),,0人评价,0, / 动作 / / / 科幻 / / / 动画, / 日本 / 中国大陆, / 日语 / 汉语普通话,
明日方舟：冬隐归路 アークナイツ【冬隠帰路/PERISH IN FROST】(2023),,0人评价,0, / 动作 / / / 科幻 / / / 动画, / 日本 / 中国大陆, / 日语 / 汉语普通话,
三十六骑 第一季(2023),8.2,4688,6, / 动画 / / / 奇幻, / 中国大陆, / 汉语普通话,
小品一家人之菜鸟特工(2024),,0人评价,0, / 喜剧 / / / 动作 / / / 科幻 / / / 动画 / / / 儿童, / 中国大陆, / 汉语普通话,
超变战陀5百变战陀(2023),,0人评价,0, / 科幻 / / / 动画 / / / 儿童 / / / 冒险, / 中国大陆, / 汉语普通话,
正经少主的幸福生活(2023),,0人评价,2, / 动画, / 中国大陆, / 汉语普通话,
少年歌行 海外仙山篇(2023),6.6,7435,90, / 动画 / / / 武侠, / 中国大陆, / 汉语普通话,
钢铁飞龙4捕梦奇兵(2023),,0人评价,0, / 科幻 / / / 动画 / / / 儿童 / / / 冒险, / 中国大陆, / 汉语普通话,
七侯笔录(2023),,0人评价,0, / 动画, / 中国大陆, / 汉语普通话,
炫卡斗士之猛兽能量(2024),,0人评价,0, / 剧情 / / / 科幻 / / / 动画 / / / 儿童 / / / 冒险, / 中国大陆,,
你的人生是我来迟了(2023),,0人评价,0, / 动画, / 中国大陆, / 汉语普通话,
屋事生非  第二季 Spaced Season 2(2001),9.2,3153,2, / 喜剧, / 英国, / 英语,
屋事生非 第一季 Spaced Season 1(1999),8.7,5794,15, / 喜剧, / 英国, / 英语,
十方武圣(2023),,0人评价,3, / 动画, / 中国大陆, / 汉语普通话,
不死不灭之少年出山(2023),,0人评价,0, / 动画, / 中国大陆, / 汉语普通话,
"爱，死亡和机器人 第二季 Love, Death & Robots Season 2(2021)",6.9,229516,623, / 喜剧 / / / 科幻 / / / 动画 / / / 恐怖 / / / 短片 / / / 奇幻, / 美国, / 英语,
变形联盟3越空勇者(2023),,0人评价,0, / 科幻 / / / 动画 / / / 儿童 / / / 冒险, / 中国大陆, / 汉语普通话,
小刻de画图写话(2023),,0人评价,0, / 喜剧 / / / 科幻 / / / 动画 / / / 短片 / / / 儿童 / / / 奇幻, / 中国大陆, / 汉语普通话 / 日语,
小刻de画图写话(2023),,0人评价,0, / 喜剧 / / / 科幻 / / / 动画 / / / 短片 / / / 儿童 / / / 奇幻, / 中国大陆, / 汉语普通话 / 日语,
猪猪侠之五灵守卫者(2015),7.5,3391,3, / 动作 / / / 科幻 / / / 动画 / / / 儿童 / / / 冒险, / 中国大陆, / 汉语普通话,
燃夏(2023),,0人评价,0, / 动画, / 中国大陆, / 汉语普通话,
胶囊计划 第二季(2023),7.5,4818,29, / 剧情 / / / 动画, / 中国大陆, / 汉语普通话,
盟卡车神之魔幻元珠3 盟卡车神之魔幻元珠(2023),,0人评价,0, / 科幻 / / / 动画, / 中国大陆 / 韩国, / 汉语普通话 / 韩语,
槑好时光·城南忆事(2023),,0人评价,0, / 动画, / 中国大陆, / 汉语普通话,
桃花扇(1963),8,2016,18, / 爱情 / / / 历史 / / / 古装, / 中国大陆, / 汉语普通话, / 1963
风雪山神庙(2014),7.8,2611,4, / 动作 / / / 动画 / / / 短片, / 中国大陆, / 汉语普通话,
年(2010),6.9,259,0, / 短片, / 中国大陆, / 汉语普通话, / 2010-07-05
末日危途 The Road(2009),7.7,48032,318, / 剧情 / / / 惊悚 / / / 冒险 / / / 灾难, / 美国, / 英语, / 2009-11-25(美国)
仙王的日常生活 第四季(2023),6.9,1224,0, / 动画, / 中国大陆, / 汉语普通话,
火星西路7号(2023),,0人评价,15, / 动画, / 中国大陆, / 汉语普通话,
命运拳台(2023),,0人评价,13, / 动画, / 中国大陆, / 汉语普通话,
贝肯熊：火星任务(2023),6.7,4781,52, / 喜剧 / / / 科幻 / / / 动画 / / / 冒险, / 中国大陆, / 汉语普通话, / 2023-09-28(中国大陆)
枕刀歌 第二季(2023),9.2,10461,31, / 剧情 / / / 动作 / / / 动画 / / / 武侠, / 中国大陆, / 汉语普通话,
乖桃与闹瓜(2020),,0人评价,0, / 动画 / / / 儿童, / 中国大陆, / 汉语普通话,
妙趣横生故事汇(2022),,0人评价,0, / 动画 / / / 儿童, / 中国大陆, / 汉语普通话,
我们有鬼啦 We Have a Ghost(2023),5.8,2722,3, / 喜剧 / / / 悬疑 / / / 恐怖 / / / 冒险, / 美国, / 英语, / 2023-02-24(美国网络)
我们与恶的距离2 我們與惡的距離Ⅱ(2025),8.4,17968,95, / 剧情 / / / 犯罪, / 中国台湾, / 汉语普通话 / 闽南语,
春芽宝贝(2016),,0人评价,0, / 动画 / / / 儿童, / 中国大陆, / 汉语普通话,
中华才子传 第一季(2025),,0人评价,2, / 纪录片, / 中国大陆, / 汉语普通话,
使女的故事 第一季 The Handmaid's Tale Season 1(2017),8.9,111609,384, / 剧情 / / / 科幻, / 美国, / 英语,
彩虹的故事(1998),,0人评价,0, / 纪录片 / / / 短片, / 中国台湾, / 汉语普通话 / 泰雅语,
辣妈正传(2013),6.8,30299,130, / 剧情 / / / 喜剧 / / / 家庭, / 中国大陆, / 汉语普通话,
和女儿的日常 第一季(2016),8.6,1652,2, / 动画 / / / 家庭 / / / 儿童, / 中国大陆, / 汉语普通话,
托宝战士之银河侦探 第六季(2025),,0人评价,0, / 动画, / 中国大陆,,
镇魂街之热血再燃(2024),5.9,2001,11, / 剧情 / / / 动作 / / / 爱情 / / / 冒险, / 中国大陆, / 汉语普通话,
托宝战士之银河侦探 第六季(2025),,0人评价,0, / 动画, / 中国大陆,,
托宝战士之银河侦探 第六季(2025),,0人评价,0, / 动画, / 中国大陆,,
托宝战士之银河侦探 第六季(2025),,0人评价,0, / 动画, / 中国大陆,,
百变雄师 第一季 Challenge of the GoBots Season 1(1984),7.5,3040,2, / 动作 / / / 动画 / / / 冒险, / 美国, / 英语,
百变雄师 第一季 Challenge of the GoBots Season 1(1984),7.5,3040,2, / 动作 / / / 动画 / / / 冒险, / 美国, / 英语,
百变雄师 第一季 Challenge of the GoBots Season 1(1984),7.5,3040,2, / 动作 / / / 动画 / / / 冒险, / 美国, / 英语,
百变雄师 第一季 Challenge of the GoBots Season 1(1984),7.5,3040,2, / 动作 / / / 动画 / / / 冒险, / 美国, / 英语,
蔬菜不寂寞第三季(2015),,0人评价,0, / 动画, / 中国大陆, / 汉语普通话,
蔬菜不寂寞第三季(2015),,0人评价,0, / 动画, / 中国大陆, / 汉语普通话,
蔬菜不寂寞第三季(2015),,0人评价,0, / 动画, / 中国大陆, / 汉语普通话,
蔬菜不寂寞第三季(2015),,0人评价,0, / 动画, / 中国大陆, / 汉语普通话,
蔬菜不寂寞第三季(2015),,0人评价,0, / 动画, / 中国大陆, / 汉语普通话,
蔬菜不寂寞第三季(2015),,0人评价,0, / 动画, / 中国大陆, / 汉语普通话,
蔬菜不寂寞第三季(2015),,0人评价,0, / 动画, / 中国大陆, / 汉语普通话,
蔬菜不寂寞第三季(2015),,0人评价,0, / 动画, / 中国大陆, / 汉语普通话,
蔬菜不寂寞第三季(2015),,0人评价,0, / 动画, / 中国大陆, / 汉语普通话,
蔬菜不寂寞第三季(2015),,0人评价,0, / 动画, / 中国大陆, / 汉语普通话,
蔬菜不寂寞第三季(2015),,0人评价,0, / 动画, / 中国大陆, / 汉语普通话,
蔬菜不寂寞第三季(2015),,0人评价,0, / 动画, / 中国大陆, / 汉语普通话,
恐龙世界(2020),,0人评价,0,, / 中国大陆, / 汉语普通话, / 2020-10-23(中国大陆)
安全救援 第一季 SAF3 Season 1(2013),,0人评价,0, / 剧情 / / / 喜剧 / / / 冒险, / 美国, / 英语,
瑞雪兆丰年(2019),,0人评价,0, / 动画 / / / 儿童 / / / 奇幻, / 中国大陆, / 汉语普通话, / 2019-02-16(中国大陆)
查莉成长日记 第二季 Good Luck Charlie Season 2(2011),9.3,8181,7, / 喜剧 / / / 家庭, / 美国, / 英语,
米奇妙妙大冒险 第一季 Mickey Mouse: Mixed-Up Adventures Season 1(2019),,0人评价,0, / 动画 / / / 儿童, / 美国, / 英语,
美丽人生 La vita è bella(1997),9.5,1446605,5713, / 剧情 / / / 喜剧 / / / 爱情 / / / 战争, / 意大利, / 意大利语 / 德语 / 英语, / 2020-01-03(中国大陆) / / / 1997-12-20(意大利)
辣妈正传(2013),6.8,30299,130, / 剧情 / / / 喜剧 / / / 家庭, / 中国大陆, / 汉语普通话,
奶泡泡学成语 第一季(2021),,0人评价,0, / 动画 / / / 短片 / / / 儿童, / 中国大陆, / 汉语普通话,
"科学的故事：权力、证据与激情 The Story Of Science: Power, Proof And Passion(2010)",9,1507,15, / 纪录片, / 英国, / 英语,
乔治·迈克尔：不一样的故事 George Michael: A Different Story(2005),,0人评价,1, / 纪录片 / / / 音乐 / / / 传记, / 英国, / 英语, / 2005-11-20
乔治·迈克尔：不一样的故事 George Michael: A Different Story(2005),,0人评价,1, / 纪录片 / / / 音乐 / / / 传记, / 英国, / 英语, / 2005-11-20
小强与旺财(2023),,0人评价,0,, / 中国大陆, / 汉语普通话,
小欢喜2(2025),,0人评价,2, / 剧情 / / / 家庭, / 中国大陆, / 汉语普通话,
小卫士 The Smoggies(1989),,0人评价,0, / 动画 / / / 家庭, / 加拿大 / 法国, / 英语 / 法语,
繁华似锦(2023),4.7,3273,20, / 剧情 / / / 爱情, / 中国大陆, / 汉语普通话,
好伙伴 The Early Hatchling Gets the Worm(2016),7.4,798,0, / 喜剧 / / / 动画 / / / 短片, / 芬兰 / 美国, / 英语, / 2016-06-10(美国)
俗女养成记2 俗女養成記2(2021),9.3,185554,721, / 剧情 / / / 喜剧, / 中国台湾, / 汉语普通话 / 闽南语,
小布与伟仔 第一季 Brandy & Mr. Whiskers Season 1(2004),9.1,516,0, / 动画 / / / 儿童, / 美国, / 英语,
小绿和小蓝 第四季(2023),,0人评价,0, / 喜剧 / / / 动画 / / / 奇幻, / 中国大陆, / 汉语普通话,
三时三餐 第二季 삼시세끼 시즌2(2015),9.4,7144,13, / 真人秀, / 韩国, / 韩语,
阿优学科学(2016),,0人评价,0, / 动画, / 中国大陆, / 汉语普通话,
三只兔子(2017),,0人评价,0, / 动画 / / / 儿童, / 中国大陆, / 汉语普通话,
穿越云南三千年——云小志漫游记(2021),,0人评价,1, / 动画 / / / 历史, / 中国大陆,,
小丘月圆 Lantern Hill(1989),8.5,387,3, / 剧情 / / / 家庭, / 加拿大 / 美国, / 英语, / 1989-08-29(蒙特利尔) / / / 1990-01-27(美国) / / / 1990-12-30(加拿大)
绿野仙踪 The Wizard of Oz(1939),8.2,58313,135, / 歌舞 / / / 奇幻 / / / 冒险, / 美国, / 英语, / 1939-08-12(威斯康星首映) / / / 1939-08-25(美国)
都市最强男保姆(2023),,0人评价,0, / 剧情 / / / 短片, / 中国大陆, / 汉语普通话,
史上最强弟子(2024),4.3,1879,6, / 剧情 / / / 喜剧, / 中国大陆, / 汉语普通话, / 2024-02-09(中国大陆网络)
都市最强男保姆(2023),,0人评价,0, / 剧情 / / / 短片, / 中国大陆, / 汉语普通话,
变形联盟之超变战神(2023),,0人评价,0, / 剧情 / / / 动作 / / / 科幻 / / / 动画 / / / 儿童 / / / 冒险, / 中国大陆, / 汉语普通话,
地下城与勇士之破界少女(2024),,0人评价,1, / 动画, / 中国大陆, / 汉语普通话,
地下城与勇士之破界少女(2024),,0人评价,1, / 动画, / 中国大陆, / 汉语普通话,
大宇宙时代(2024),,0人评价,1, / 动画, / 中国大陆, / 汉语普通话,
异人君莫邪(2024),,0人评价,1, / 动画, / 中国大陆, / 汉语普通话,
万古第一废材(2025),,0人评价,1, / 剧情 / / / 短片 / / / 奇幻, / 中国大陆, / 汉语普通话,
亏成首富从游戏开始(2024),7.3,1994,6, / 剧情 / / / 动画, / 中国大陆, / 汉语普通话,
四季童年(2023),,0人评价,11, / 剧情 / / / 喜剧 / / / 动画 / / / 奇幻, / 中国大陆, / 汉语普通话, / 2023-12-15(中国大陆)
旅途危机！圣芙蕾雅号特别事件(2024),,0人评价,0, / 动画, / 中国大陆, / 汉语普通话,
咸鱼哥 第二季(2024),,0人评价,1, / 喜剧 / / / 动画, / 中国大陆, / 汉语普通话,
一世之尊(2024),,0人评价,3, / 动画 / / / 奇幻, / 中国大陆, / 汉语普通话,
百妖谱·司府篇(2024),7.9,5025,8, / 动画, / 中国大陆, / 汉语普通话,
捕星司·源起(2024),,0人评价,1, / 动画, / 中国大陆, / 汉语普通话,
开心超人之时空营救(2024),6.1,2086,16, / 科幻 / / / 动画 / / / 冒险, / 中国大陆, / 汉语普通话, / 2024-01-20(中国大陆)
牧神记(2024),8.7,13921,74, / 动画 / / / 奇幻 / / / 冒险, / 中国大陆, / 汉语普通话,
守龙者(2024),5.8,2224,17, / 动画 / / / 奇幻 / / / 冒险, / 中国大陆 / 西班牙, / 英语, / 2024-08-17(中国大陆) / / / 2024-03-01(马拉加电影节) / / / 2024-04-19(西班牙)
神道帝尊(2024),,0人评价,0, / 动作 / / / 动画 / / / 奇幻, / 中国大陆, / 汉语普通话,
山山田田间(2024),,0人评价,0, / 动画, / 中国大陆, / 汉语普通话,
宗门里除了我都是卧底(2024),,0人评价,2, / 动作 / / / 动画 / / / 奇幻, / 中国大陆, / 汉语普通话,
白蛇：浮生(2024),7,142301,856, / 喜剧 / / / 爱情 / / / 动画 / / / 奇幻, / 中国大陆, / 汉语普通话, / 2024-08-10(中国大陆)
大道朝天(2024),8.1,3401,11, / 动作 / / / 动画 / / / 奇幻 / / / 古装, / 中国大陆, / 汉语普通话,
喜羊羊与灰太狼之守护(2024),5.7,5158,60, / 动画, / 中国大陆, / 汉语普通话, / 2024-07-19(中国大陆)
虎鹤妖师录(2023),5.5,12380,83, / 悬疑 / / / 奇幻 / / / 古装, / 中国大陆, / 汉语普通话,
盒中之海(2024),6.2,1939,19, / 科幻 / / / 动画 / / / 悬疑 / / / 奇幻 / / / 冒险, / 中国大陆, / 汉语普通话, / 2024-10-03(中国大陆网络)
食草老龙被冠以恶龙之名 第二季(2024),,0人评价,0, / 动画, / 中国大陆, / 汉语普通话,
食草老龙被冠以恶龙之名 第二季(2024),,0人评价,0, / 动画, / 中国大陆, / 汉语普通话,
伍六七之记忆碎片(2024),7.8,19821,51, / 喜剧 / / / 动作 / / / 动画 / / / 奇幻 / / / 冒险 / / / 武侠, / 中国大陆, / 汉语普通话,
头脑特工队2 Inside Out 2(2024),8.4,336795,1124, / 剧情 / / / 喜剧 / / / 动画 / / / 奇幻 / / / 冒险, / 美国, / 英语, / 2024-06-21(中国大陆) / / / 2024-06-12(德国) / / / 2024-06-14(美国)
虫小绿历史为什么之生活篇(2024),,0人评价,0, / 动画 / / / 短片 / / / 儿童, / 中国大陆, / 汉语普通话,
致我的星星 第二季 나의 별에게 2(2022),8.5,20720,131, / 喜剧 / / / 爱情 / / / 同性, / 韩国, / 韩语,
六样情(2024),,0人评价,13, / 爱情 / / / 动画 / / / 悬疑 / / / 短片 / / / 奇幻 / / / 古装, / 中国大陆, / 汉语普通话,
哈小浪之星域大冒险(2024),,0人评价,0, / 科幻 / / / 动画 / / / 儿童 / / / 冒险, / 中国大陆, / 汉语普通话,
神奇马戏团之动物饼干 Magical Circus: Animal Crackers(2017),5.7,5201,83, / 喜剧 / / / 动画 / / / 奇幻 / / / 冒险, / 美国 / 西班牙 / 中国大陆 / 韩国 / 中国香港, / 英语, / 2018-07-21(中国大陆) / / / 2017-06-12(安锡动画电影节)
盟卡车神之龙兽觉醒2(2025),,0人评价,0, / 动画 / / / 儿童 / / / 奇幻 / / / 冒险, / 中国大陆, / 汉语普通话,
斗破苍穹 年番1(2022),6.7,21155,225, / 动画 / / / 奇幻 / / / 冒险, / 中国大陆, / 汉语普通话,
伞少女(2024),6.3,19884,249, / 动画 / / / 奇幻 / / / 古装, / 中国大陆, / 汉语普通话, / 2024-07-06(中国大陆)
时光的画笔(2024),,0人评价,0, / 动画, / 中国大陆, / 汉语普通话,
成语中国 第一季(2024),,0人评价,0, / 动画 / / / 儿童 / / / 历史, / 中国大陆, / 汉语普通话,
如果历史是一群喵 第十一季(2024),,0人评价,0, / 动画 / / / 历史 / / / 战争, / 中国大陆, / 汉语普通话,
万花世界(2026),,0人评价,48, / 剧情 / / / 爱情 / / / 奇幻, / 中国大陆, / 汉语普通话,
万花世界(2026),,0人评价,48, / 剧情 / / / 爱情 / / / 奇幻, / 中国大陆, / 汉语普通话,
万花世界(2026),,0人评价,48, / 剧情 / / / 爱情 / / / 奇幻, / 中国大陆, / 汉语普通话,
万花世界(2026),,0人评价,48, / 剧情 / / / 爱情 / / / 奇幻, / 中国大陆, / 汉语普通话,
炼气练了3000年(2022),6.3,815,2, / 动画, / 中国大陆, / 汉语普通话,
炼气练了3000年(2022),6.3,815,2, / 动画, / 中国大陆, / 汉语普通话,
炼气练了3000年(2022),6.3,815,2, / 动画, / 中国大陆, / 汉语普通话,
传闻中的陈芊芊(2020),7.3,423753,1355, / 喜剧 / / / 爱情 / / / 奇幻 / / / 古装, / 中国大陆, / 汉语普通话,
笼中人(2024),,0人评价,0, / 动画 / / / 奇幻, / 中国大陆, / 汉语普通话,
爆炫星陀(2024),,0人评价,0, / 科幻 / / / 动画 / / / 运动, / 中国大陆, / 汉语普通话,
怪想售(2024),,0人评价,0, / 动画 / / / 奇幻, / 中国大陆, / 汉语普通话,
盟卡车神之魔幻对决W(2021),,0人评价,0, / 科幻 / / / 动画 / / / 儿童, / 中国大陆, / 汉语普通话,
咖宝车神之重工战队(2021),,0人评价,1, / 动画 / / / 儿童 / / / 奇幻, / 中国大陆, / 汉语普通话,
绿毛怪格林奇 The Grinch(2018),6.2,14458,35, / 喜剧 / / / 动画 / / / 奇幻, / 法国 / 中国大陆 / 日本 / 美国, / 英语, / 2018-12-14(中国大陆) / / / 2018-11-09(美国)
咖宝车神之拯救联盟（下）(2023),,0人评价,0, / 科幻 / / / 动画 / / / 儿童 / / / 冒险, / 中国大陆, / 汉语普通话,
赘婿 第二季(2026),,0人评价,1, / 剧情 / / / 喜剧 / / / 爱情, / 中国大陆, / 汉语普通话,
咖宝车神之拯救联盟(2023),,0人评价,0, / 科幻 / / / 动画 / / / 儿童, / 中国大陆, / 汉语普通话,
神奇的朋友_咖宝蛋神(2018),,0人评价,0, / 动画 / / / 儿童, / 中国大陆, / 汉语普通话,
白色闪电(2024),,0人评价,7, / 动画, / 中国大陆, / 汉语普通话,
喜羊羊与灰太狼之跨时空救兵(2019),8.4,4606,19, / 喜剧 / / / 科幻 / / / 动画 / / / 儿童 / / / 冒险, / 中国大陆, / 汉语普通话,
咖宝车神之时空守护(2024),,0人评价,0, / 动画 / / / 儿童, / 中国大陆, / 汉语普通话,
我的三体 第四季(2024),8.1,6294,28, / 科幻 / / / 动画, / 中国大陆, / 汉语普通话,
精灵梦叶罗丽10(2023),,0人评价,12, / 剧情 / / / 动画 / / / 儿童 / / / 奇幻 / / / 冒险, / 中国大陆, / 汉语普通话,
精灵梦叶罗丽9(2022),,0人评价,12, / 动画 / / / 儿童 / / / 奇幻 / / / 冒险, / 中国大陆, / 汉语普通话,
精灵梦叶罗丽8(2020),,0人评价,16, / 爱情 / / / 动画 / / / 奇幻, / 中国大陆, / 汉语普通话,
精灵梦叶罗丽7(2019),,0人评价,12, / 剧情 / / / 动画 / / / 奇幻 / / / 冒险, / 中国大陆, / 汉语普通话,
精灵梦叶罗丽(2013),3.4,9412,110, / 动画, / 中国大陆, / 汉语普通话,
精灵梦叶罗丽(2013),3.4,9412,110, / 动画, / 中国大陆, / 汉语普通话,
精灵梦叶罗丽4(2016),6.3,2022,6, / 爱情 / / / 动画 / / / 恐怖 / / / 同性 / / / 奇幻 / / / 冒险, / 中国大陆, / 汉语普通话,
精灵梦叶罗丽(2013),3.4,9412,110, / 动画, / 中国大陆, / 汉语普通话,
精灵梦叶罗丽2(2013),5.9,2224,4,, / 中国大陆, / 汉语普通话,
白发沈辣(2024),,0人评价,0, / 动作 / / / 动画 / / / 奇幻, / 中国大陆, / 汉语普通话,
我叫MT 第七季(2024),,0人评价,0, / 动画, / 中国大陆, / 汉语普通话,
小花仙 第五季(2019),,0人评价,1, / 动画, / 中国大陆, / 汉语普通话,
小花仙 第四季(2018),,0人评价,1, / 动画, / 中国大陆, / 汉语普通话,
小花仙 第三季(2017),,0人评价,3, / 动画 / / / 儿童 / / / 奇幻, / 中国大陆, / 汉语普通话,
无聊就完结(2024),,0人评价,1, / 动画, / 中国大陆, / 汉语普通话,
阿诺德和他可爱的木偶们(2024),,0人评价,0, / 剧情 / / / 动画 / / / 奇幻, / 中国大陆, / 汉语普通话,
赛尔号之光明的救赎(2014),8.4,1279,0, / 动画, / 中国大陆, / 汉语普通话,
赛尔号第4季：战神风云决(2015),8.1,789,0, / 动画, / 中国大陆, / 汉语普通话,
赛尔号第5季：猎天困兽(2015),7.9,429,0,, / 中国大陆, / 汉语普通话,
赛尔号第六季苍穹烈火(2016),7.7,476,0, / 动画, / 中国大陆, / 汉语普通话,
赛尔号第7季：宇宙之眼(2016),7.9,503,0, / 动画, / 中国大陆, / 汉语普通话,
赛尔号第8季：幻梦战记(2017),,0人评价,0, / 动画, / 中国大陆, / 汉语普通话,
赛尔号第9季：霹雳九重天(2018),,0人评价,3, / 剧情 / / / 动作 / / / 科幻 / / / 动画 / / / 儿童 / / / 奇幻 / / / 冒险, / 中国大陆,,
彩虹宝宝(2016),7.9,331,1, / 动画 / / / 儿童, / 中国大陆, / 汉语普通话,
彩虹宝宝 第五季(2022),,0人评价,0, / 动画, / 中国大陆, / 汉语普通话,
赛尔号第10季：冰封要塞(2019),,0人评价,1, / 剧情 / / / 喜剧 / / / 动作 / / / 科幻 / / / 动画 / / / 儿童 / / / 奇幻 / / / 冒险, / 中国大陆, / 汉语普通话,
百工灵(2024),,0人评价,0, / 动画 / / / 儿童, / 中国大陆, / 汉语普通话,
一一(2000),9.1,477634,4116, / 剧情 / / / 爱情 / / / 家庭, / 中国台湾 / 日本, / 汉语普通话 / 闽南语 / 英语 / 日语, / 2017-07-28(中国台湾) / / / 2000-05-14(戛纳电影节) / / / 2000-12-16(日本)
摩加迪沙 모가디슈(2021),8.1,115893,276, / 剧情 / / / 动作, / 韩国, / 韩语 / 英语, / 2021-07-28(韩国)
心源(2024),,0人评价,0, / 动画 / / / 短片, / 中国大陆,, / 2024-06-18(北京电影学院)
小诗人 The Little Poet(2023),8.7,268,0, / 动画 / / / 短片, / 美国, / 英语, / 2023-05-06(美国)
龙门飞甲(2011),6.9,324554,1916, / 剧情 / / / 动作 / / / 武侠 / / / 古装, / 中国大陆 / 中国香港, / 汉语普通话, / 2011-12-15(中国大陆)
8号出口 8番出口(2025),,0人评价,1, / 恐怖 / / / 冒险, / 日本, / 日语, / 2025-05-18(戛纳国际电影节) / / / 2025-08-29(日本)
猪猪侠大电影·星际行动(2024),5.4,1030,4, / 喜剧 / / / 科幻 / / / 动画, / 中国大陆, / 汉语普通话, / 2024-05-01(中国大陆)
从姑获鸟开始之龙城风云(2024),,0人评价,2, / 动画 / / / 奇幻, / 中国大陆, / 汉语普通话,
今天的晚餐就是你(2024),,0人评价,0, / 动画, / 中国大陆, / 汉语普通话,
喜羊羊与灰太狼之异国破晓(2025),,0人评价,26, / 喜剧 / / / 动画, / 中国大陆, / 汉语普通话, / 2025-07-26(中国大陆)
幻宠师(2024),,0人评价,2, / 动画 / / / 奇幻, / 中国大陆, / 汉语普通话,
风速少年团(2024),,0人评价,0, / 科幻 / / / 动画, / 中国大陆, / 汉语普通话,
邂逅她的少女时代(2024),,0人评价,3, / 动画 / / / 奇幻, / 中国大陆, / 汉语普通话,
小药童也想修仙(2024),,0人评价,0,, / 中国大陆, / 汉语普通话,
咸鱼哥 第二季(2024),,0人评价,1, / 喜剧 / / / 动画, / 中国大陆, / 汉语普通话,
虫小绿历史为什么之发明篇(2024),,0人评价,0, / 科幻 / / / 短片, / 中国大陆, / 汉语普通话,
虫小绿历史为什么之发明篇(2024),,0人评价,0, / 科幻 / / / 短片, / 中国大陆, / 汉语普通话,
回铭之烽火三月(2024),7,1144,4, / 动画 / / / 战争, / 中国大陆, / 汉语普通话,
夜的命名术(2025),,0人评价,0, / 科幻, / 中国大陆, / 汉语普通话,
宝莲灯(1999),8.6,231431,167, / 动画 / / / 奇幻 / / / 冒险, / 中国大陆, / 汉语普通话, / 1999-07-30(中国大陆)
没头脑和不高兴(1962),8.8,78489,67, / 喜剧 / / / 动画 / / / 短片, / 中国大陆, / 汉语普通话, / 1962(中国大陆)
猪猪吉利小财神(2006),,0人评价,0, / 动画 / / / 儿童 / / / 奇幻 / / / 冒险 / / / 古装, / 中国大陆, / 汉语普通话,
百变宝贝(2007),8.7,583,1, / 喜剧 / / / 科幻 / / / 动画 / / / 儿童 / / / 奇幻 / / / 冒险, / 中国大陆, / 汉语普通话,
中华美德(2002),,0人评价,1, / 动画 / / / 儿童 / / / 历史, / 中国大陆, / 汉语普通话,
长平傻蛋 Lange flate ballær(2006),,0人评价,0, / 剧情 / / / 喜剧 / / / 运动, / 挪威, / 德语 / 挪威语 / 英语, / 2006-03-31
魔鬼芯片(2002),8.6,329,2, / 动画, / 中国大陆, / 汉语普通话,
土红色的骆驼(2002),,0人评价,0, / 剧情 / / / 动画 / / / 短片, / 中国大陆, / 汉语普通话,
西游漫记(1995),8,177,1, / 喜剧 / / / 动画 / / / 儿童 / / / 奇幻 / / / 冒险, / 中国大陆, / 汉语普通话,
白玉堂(2002),,0人评价,0, / 剧情 / / / 动作 / / / 动画 / / / 武侠 / / / 古装, / 中国大陆, / 汉语普通话,
财宝小狐狸(2001),,0人评价,0, / 动画, / 中国大陆, / 汉语普通话,
飞龙天降(2004),,0人评价,0, / 喜剧 / / / 动画 / / / 儿童 / / / 奇幻, / 中国大陆, / 汉语普通话,
钟点父子(1999),,0人评价,0, / 动画 / / / 儿童, / 中国大陆, / 汉语普通话,
三十六计奇遇记(1999),,0人评价,0, / 动画 / / / 冒险, / 中国大陆, / 普通话/国语,
小草帽(2001),,0人评价,0, / 喜剧 / / / 动画 / / / 儿童, / 中国大陆, / 汉语普通话,
真命小和尚(1997),7.4,18295,3, / 剧情 / / / 动作 / / / 古装, / 中国大陆 / 新加坡, / 汉语普通话,
红孩儿传奇(1989),,0人评价,1, / 动画 / / / 奇幻, / 中国大陆, / 汉语普通话,
怪城(2002),,0人评价,0, / 科幻 / / / 动画 / / / 儿童 / / / 冒险, / 中国大陆, / 汉语普通话,
咕噜先生(1998),,0人评价,0, / 喜剧 / / / 动作 / / / 犯罪, / 中国大陆, / 汉语普通话,
中华民族风情录(1996),,0人评价,0, / 纪录片, / 中国大陆, / 汉语普通话,
风尘小游侠(2004),,0人评价,0, / 动作 / / / 动画 / / / 儿童 / / / 冒险, / 中国大陆, / 汉语普通话,
聪明的笨小猪(1998),,0人评价,0, / 动画 / / / 儿童, / 中国大陆, / 汉语普通话,
隐身探长(1993),,0人评价,0, / 动画, / 中国大陆, / 汉语普通话,
大森林里的小故事(1995),,0人评价,0, / 动画, / 中国大陆, / 汉语普通话,
红鼻子(1994),,0人评价,0, / 动画, / 中国大陆, / 汉语普通话,
地上城与勇士(2024),,0人评价,0, / 动画, / 中国大陆, / 汉语普通话,
银河封神纪(2024),,0人评价,0, / 科幻 / / / 动画 / / / 儿童 / / / 冒险, / 中国大陆, / 汉语普通话,
反派初始化(2024),,0人评价,5, / 动作 / / / 动画 / / / 奇幻 / / / 冒险, / 中国大陆, / 汉语普通话,
超变兽车侠(2024),,0人评价,0, / 科幻 / / / 动画 / / / 儿童 / / / 冒险, / 中国大陆, / 汉语普通话,
虚无边境(2024),,0人评价,3, / 动画, / 中国大陆, / 汉语普通话,
开心超人之时空营救(2024),6.1,2086,16, / 科幻 / / / 动画 / / / 冒险, / 中国大陆, / 汉语普通话, / 2024-01-20(中国大陆)
虚无边境(2024),,0人评价,3, / 动画, / 中国大陆, / 汉语普通话,
超变战陀之百变战陀2(2024),,0人评价,0, / 科幻 / / / 动画 / / / 儿童 / / / 冒险, / 中国大陆, / 汉语普通话,
神之一脚(2024),,0人评价,0, / 动画, / 中国大陆, / 汉语普通话,
阿诺德和他可爱的木偶们(2024),,0人评价,0, / 剧情 / / / 动画 / / / 奇幻, / 中国大陆, / 汉语普通话,
没牙的老虎(1985),7.9,3253,1, / 动画 / / / 短片, / 中国大陆, / 普通话/国语, / 1985
皮皮的故事(1988),8.1,505,1, / 动画 / / / 儿童, / 中国大陆, / 汉语普通话,
阿诺德和他可爱的木偶们(2024),,0人评价,0, / 剧情 / / / 动画 / / / 奇幻, / 中国大陆, / 汉语普通话,
阿诺德和他可爱的木偶们(2024),,0人评价,0, / 剧情 / / / 动画 / / / 奇幻, / 中国大陆, / 汉语普通话,
巴塔木童谣第一季 第一季 巴塔木童谣第一季 Season 1(2017),,0人评价,0, / 动画 / / / 儿童, / 美国, / 英语,
巴塔木流行儿歌第二季 第二季 巴塔木流行儿歌第二季 Season 2(2017),,0人评价,1, / 动画 / / / 儿童, / 美国, / 英语,
巴塔木流行儿歌第三季 第三季 巴塔木流行儿歌第三季 Season 3(2019),,0人评价,0, / 儿童, / 英国, / 英语,
小鸡彩虹(2016),9.1,506,4, / 喜剧 / / / 动画 / / / 儿童, / 中国大陆, / 汉语普通话,
小鸡彩虹(2016),9.1,506,4, / 喜剧 / / / 动画 / / / 儿童, / 中国大陆, / 汉语普通话,
林海雪原(2017),6.2,5948,104, / 剧情, / 中国大陆, / 汉语普通话,
瑞雪兆丰年(2019),,0人评价,0, / 动画 / / / 儿童 / / / 奇幻, / 中国大陆, / 汉语普通话, / 2019-02-16(中国大陆)
参娃与天池怪兽(2013),,0人评价,0, / 动画, / 中国大陆, / 汉语普通话,
仙女奇缘 Dazzle(1999),,0人评价,0, / 剧情 / / / 喜剧 / / / 家庭 / / / 奇幻, / 南非, / 英语, / 1999-10-03(法国)
追梦少年殷昱国 The Joys and Sorrows of Young Yuguo(2022),7.9,1830,9, / 纪录片 / / / 短片, / 美国 / 英国, / 罗马尼亚语 / 汉语普通话 / 英语, / 2022-06-26(谢菲尔德国际纪录片节) / / / 2022-10-06(美国网络)
少年苏东坡传奇(2022),,0人评价,0, / 动画 / / / 儿童 / / / 奇幻 / / / 冒险, / 中国大陆, / 汉语普通话,
梦想总动员(2015),,0人评价,0, / 喜剧 / / / 科幻 / / / 动画 / / / 儿童 / / / 冒险, / 中国大陆, / 汉语普通话,
探险中的小百科(2024),,0人评价,0, / 动画 / / / 儿童, / 中国大陆, / 汉语普通话,
故事王国之学以致用(2016),,0人评价,0, / 动画 / / / 儿童, / 中国大陆, / 汉语普通话,
小绿和小蓝 第五季(2024),,0人评价,0, / 喜剧 / / / 动画, / 中国大陆,,
乌鸦为什么是黑的(1955),7.8,3620,2, / 动画 / / / 短片, / 中国大陆, / 汉语普通话, / 1955
东郭先生(1955),8,21596,9, / 动画 / / / 短片 / / / 儿童, / 中国大陆, / 汉语普通话, / 1955
小蛋壳(1986),8.6,9631,23, / 动画 / / / 短片 / / / 儿童 / / / 奇幻, / 中国大陆, / 汉语普通话, / 1986
女娲补天(1985),8.1,8721,5, / 动画 / / / 短片 / / / 奇幻, / 中国大陆, / 汉语普通话, / 1985(中国大陆)
假如我是武松(1982),8.2,10989,6, / 动画 / / / 短片, / 中国大陆, / 汉语普通话, / 1982
豺狼计划 Cry Wolf(2005),7.2,42714,77, / 悬疑 / / / 惊悚 / / / 犯罪, / 美国, / 英语, / 2005-09-16
鹿铃(1982),8.9,5153,3, / 动画 / / / 短片, / 中国大陆, / 汉语普通话, / 1982
小熊猫学木匠(1982),7.9,5085,3, / 喜剧 / / / 动画 / / / 短片, / 中国大陆, / 汉语普通话, / 1982(中国大陆)
曹冲称象(1982),7.8,25688,5, / 动画 / / / 短片, / 中国大陆, / 汉语普通话, / 1982
善良的夏吾冬(1981),8.4,4259,5, / 动画 / / / 短片 / / / 儿童, / 中国大陆, / 汉语普通话, / 1981
抬驴(1981),8,5589,4, / 喜剧 / / / 动画 / / / 短片, / 中国大陆, / 汉语普通话, / 1981(中国大陆)
猴子捞月(1981),8.2,39964,10, / 动画 / / / 短片, / 中国大陆, / 汉语普通话, / 1981
崂山道士(1981),8.7,20922,22, / 动画 / / / 短片, / 中国大陆, / 汉语普通话, / 1981(中国大陆)
真假李逵(1981),7.9,6565,0, / 动画 / / / 短片, / 中国大陆, / 汉语普通话, / 1981(中国大陆)
南郭先生(1981),8.2,35647,10, / 动画 / / / 短片, / 中国大陆, / 汉语普通话, / 1981(中国大陆)
人参果(1981),8.3,14716,10, / 动画 / / / 奇幻 / / / 冒险, / 中国大陆, / 普通话, / 1981(中国大陆)
三个和尚(1980),8.9,117504,43, / 动画 / / / 短片, / 中国大陆, / 无对白, / 1980(中国大陆) / / / 1982-02(西德)
张飞审瓜(1980),8,3957,3, / 动画 / / / 短片 / / / 戏曲, / 中国大陆, / 汉语普通话, / 1980(中国大陆)
雪孩子(1980),9,84053,93, / 动画 / / / 短片, / 中国大陆, / 汉语普通话, / 1980(中国大陆)
老狼请客(1980),8.2,19770,9, / 动画 / / / 短片, / 中国大陆, / 汉语普通话, / 1980(中国大陆)
好猫咪咪(1979),8.3,3095,0, / 动画 / / / 短片 / / / 儿童, / 中国大陆, / 汉语普通话, / 1979
愚人买鞋(1979),7.9,8420,4, / 动画 / / / 短片 / / / 儿童, / 中国大陆, / 汉语普通话, / 1979(中国大陆)
熊猫百货商店(1979),8.3,8714,3, / 动画 / / / 短片, / 中国大陆, / 汉语普通话, / 1979(中国大陆)
画廊一夜(1978),8.4,1270,0, / 动画 / / / 短片, / 中国大陆, / 汉语普通话, / 1978
大英雄狄青(2003),9,13006,26, / 剧情 / / / 动作 / / / 动画 / / / 历史 / / / 战争 / / / 古装, / 中国大陆, / 汉语普通话,
猩猩探长(1997),,0人评价,0, / 动画, / 中国大陆, / 汉语普通话,
牛牛和西西(1998),,0人评价,0, / 动画, / 中国大陆, / 汉语普通话,
应该靠自己(1983),,0人评价,1, / 动画, / 中国大陆, / 汉语普通话, / 1983
快乐家家车(1997),7.5,12824,7, / 动画 / / / 儿童, / 中国大陆, / 汉语普通话,
怪老头儿(1992),8.8,17781,27, / 动画 / / / 短片 / / / 儿童 / / / 奇幻 / / / 冒险, / 中国大陆, / 汉语普通话,
大盗贼(1989),9.3,36225,69, / 剧情 / / / 喜剧 / / / 动画, / 中国大陆, / 汉语普通话,
汉化日记 第四季(2024),7.4,2185,1, / 喜剧 / / / 动画, / 中国大陆, / 汉语普通话,
大雨(2024),6.2,27824,270, / 动画 / / / 奇幻 / / / 冒险, / 中国大陆, / 汉语普通话, / 2024-01-12(中国大陆)
奶泡泡学成语 第一季(2021),,0人评价,0, / 动画 / / / 短片 / / / 儿童, / 中国大陆, / 汉语普通话,
奶泡泡学成语 第一季(2021),,0人评价,0, / 动画 / / / 短片 / / / 儿童, / 中国大陆, / 汉语普通话,
奶泡泡学成语 第一季(2021),,0人评价,0, / 动画 / / / 短片 / / / 儿童, / 中国大陆, / 汉语普通话,
奶泡泡学成语 第一季(2021),,0人评价,0, / 动画 / / / 短片 / / / 儿童, / 中国大陆, / 汉语普通话,
瑞奇宝宝 第四季(2023),,0人评价,0,, / 中国大陆, / 汉语普通话,
缔灵爱之默水玲珑(2025),,0人评价,2, / 动画, / 中国大陆, / 汉语普通话,
苍兰诀(2022),8.2,811484,1643, / 奇幻 / / / 古装, / 中国大陆, / 汉语普通话,
新·异常生物见闻录：序(2025),,0人评价,0, / 动画, / 中国大陆, / 汉语普通话,
嫁人就嫁灰太狼 喜羊羊与灰太狼之嫁人就嫁灰太狼(2017),,0人评价,0, / 喜剧 / / / 动画, / 中国大陆, / 汉语普通话,
明日方舟：焰烬曙明 アークナイツ【焔燼曙明/RISE FROM EMBER】(2025),,0人评价,0, / 动作 / / / 科幻 / / / 动画, / 日本, / 日语,
明日方舟：焰烬曙明 アークナイツ【焔燼曙明/RISE FROM EMBER】(2025),,0人评价,0, / 动作 / / / 科幻 / / / 动画, / 日本, / 日语,
君有云 第二季(2025),,0人评价,1, / 动画 / / / 武侠, / 中国大陆, / 汉语普通话,
善恶魔法学院 The School for Good and Evil(2022),5.7,11170,29, / 剧情 / / / 动作 / / / 奇幻, / 美国, / 英语, / 2022-10-19(美国网络)
跳跳鱼世界(2015),,0人评价,0, / 动画, / 中国大陆, / 无对白,
新大头儿子和小头爸爸·智能小当家(2021),,0人评价,0, / 动画 / / / 家庭 / / / 儿童, / 中国大陆, / 汉语普通话,
福娃(2007),6,3446,7, / 剧情 / / / 动画 / / / 儿童 / / / 奇幻 / / / 冒险 / / / 运动, / 中国大陆, / 汉语普通话,
灵笼 第二季(2025),8.9,39059,266, / 动作 / / / 科幻 / / / 动画, / 中国大陆, / 汉语普通话,
U探泰拉(2025),,0人评价,0, / 喜剧 / / / 动画, / 中国大陆, / 汉语普通话,
U探泰拉(2025),,0人评价,0, / 喜剧 / / / 动画, / 中国大陆, / 汉语普通话,
大侠请上功(2025),,0人评价,0, / 动作 / / / 动画 / / / 奇幻 / / / 武侠, / 中国大陆, / 汉语普通话,
虫小绿历史为什么之发明篇(2024),,0人评价,0, / 科幻 / / / 短片, / 中国大陆, / 汉语普通话,
鲲吞天下之掌门归来(2025),,0人评价,2, / 动作 / / / 动画 / / / 奇幻 / / / 冒险, / 中国大陆, / 汉语普通话,
盟卡车神之龙兽觉醒2(2025),,0人评价,0, / 动画 / / / 儿童 / / / 奇幻 / / / 冒险, / 中国大陆, / 汉语普通话,
念无双(2025),6.9,64306,1432, / 剧情 / / / 奇幻 / / / 古装, / 中国大陆, / 汉语普通话,
凸变英雄X(2025),6.5,2692,36, / 动作 / / / 科幻 / / / 动画 / / / 奇幻 / / / 冒险, / 中国大陆, / 汉语普通话,
凸变英雄X(2025),6.5,2692,36, / 动作 / / / 科幻 / / / 动画 / / / 奇幻 / / / 冒险, / 中国大陆, / 汉语普通话,
我的师兄太强了(2025),,0人评价,1, / 动作 / / / 动画 / / / 奇幻, / 中国大陆, / 汉语普通话,
海尔兄弟20周年纪念版(2015),,0人评价,1, / 动画 / / / 冒险, / 中国大陆, / 汉语普通话,
凹凸世界·新生 AOTU·Reborn(2025),,0人评价,1, / 动画, / 中国大陆, / 汉语普通话,
长歌行(2021),6.1,375211,3058, / 剧情 / / / 古装, / 中国大陆, / 汉语普通话,
君子无疾(2025),,0人评价,2, / 动画, / 中国大陆, / 汉语普通话,
那年那兔那些事儿 第七季(2025),,0人评价,0, / 动画 / / / 历史, / 中国大陆, / 汉语普通话,
三国演义(1994),9.6,176376,682, / 剧情 / / / 历史 / / / 战争, / 中国大陆, / 汉语普通话,
小鲤鱼历险记(2007),8.6,53074,29, / 动画 / / / 儿童 / / / 奇幻 / / / 冒险, / 中国大陆, / 汉语普通话,
蛮荒仙界(2024),,0人评价,1, / 动作 / / / 动画 / / / 奇幻, / 中国大陆, / 汉语普通话,
美猴王 The Monkey King(2023),5.5,8072,46, / 喜剧 / / / 动作 / / / 动画 / / / 奇幻 / / / 冒险, / 中国大陆 / 中国香港 / 美国, / 英语 / 汉语普通话, / 2023-07-30(纽约亚洲电影节) / / / 2023-08-18(美国网络)
哪吒传奇(2003),9.1,75392,50, / 动画 / / / 儿童 / / / 奇幻 / / / 冒险, / 中国大陆, / 汉语普通话,
火凤燎原 第二季(2025),,0人评价,24, / 动作 / / / 动画 / / / 历史, / 中国大陆, / 汉语普通话,
天命大主宰(2025),,0人评价,1, / 喜剧 / / / 动作 / / / 动画 / / / 奇幻, / 中国大陆, / 汉语普通话,
赛几传说(2025),,0人评价,0, / 动画, / 中国大陆, / 汉语普通话,
请吃红小豆吧！食物世界 第一季(2025),,0人评价,0, / 剧情 / / / 喜剧 / / / 动画 / / / 悬疑 / / / 短片, / 中国大陆, / 汉语普通话,
不白吃话山海经 第二季(2025),,0人评价,0, / 动画, / 中国大陆,,
少年歌行 血染天启篇(2025),,0人评价,30, / 动作 / / / 动画 / / / 武侠 / / / 古装, / 中国大陆, / 汉语普通话,
阿凡提的故事之宝驴(1988),8.7,9273,2, / 动画 / / / 短片, / 中国大陆, / 汉语普通话, / 1988(中国大陆)
知宝学堂之成语故事 第七季(2028),,0人评价,0, / 动画, / 中国大陆,,
知宝学堂之成语故事 第七季(2028),,0人评价,0, / 动画, / 中国大陆,,
知宝学堂之成语故事 第八季(2030),,0人评价,0, / 动画, / 中国大陆,,
知宝学堂之成语故事 第八季(2030),,0人评价,0, / 动画, / 中国大陆,,
使女的故事 第二季 The Handmaid's Tale Season 2(2018),8.9,56700,239, / 剧情 / / / 科幻, / 美国, / 英语,
是王者啊？第一季(2022),,0人评价,2, / 动画, / 中国大陆, / 汉语普通话,
蜜蜂总动员 Bee Movie(2007),6.8,23775,61, / 喜剧 / / / 动画 / / / 家庭 / / / 冒险, / 美国, / 英语, / 2007-11-02(美国)
小蜜蜂寻亲记 昆虫物語 みなしごハッチ(1970),8.8,8270,23, / 动画, / 日本, / 日语,
开心汉堡店 第一季 Bob's Burgers Season 1(2011),8.4,3754,1, / 动画, / 美国, / 英语,
麻花特开心 第二季(2025),,0人评价,2, / 真人秀, / 中国大陆, / 汉语普通话,
开心汉堡店 第三季 Bob's Burgers Season 3(2012),9.2,1530,0, / 动画, / 美国, / 英语,
中华文明之美(2015),,0人评价,0, / 短片 / / / 家庭 / / / 儿童 / / / 古装 / / / 真人秀, / 中国大陆, / 汉语普通话,
汽车世界工程车益趣园 第二季(2022),,0人评价,0, / 动画 / / / 儿童, / 中国大陆, / 汉语普通话,
奇特食物：美味终点站 第一季 Bizarre Foods Delicious Destinations Season 1(2015),,0人评价,0, / 真人秀, / 美国, / 英语,
彩虹宝宝 第三季(2020),,0人评价,0, / 动画 / / / 儿童 / / / 冒险, / 中国大陆, / 汉语普通话,
波波罗王国 ポポロクロイス(2003),,0人评价,0, / 动画, / 日本, / 日语,
中华诗歌故事唐宋篇(2024),,0人评价,0, / 动画 / / / 儿童, / 中国大陆, / 汉语普通话,
精算小魔女 第二季 세미와 매직큐브(2020),,0人评价,0, / 动画, / 韩国, / 韩语,
棒波兔的沙漠之旅(2030),,0人评价,0, / 动画, / 中国大陆,,
荒岛历险记之罗克与编程猫(2019),,0人评价,0, / 喜剧 / / / 动画 / / / 儿童 / / / 冒险, / 中国大陆, / 汉语普通话,
兔宝的悲惨日常 第三季 うーさーのその日暮らし 夢幻編(2015),7,214,0, / 动画, / 日本, / 日语,
嘀嗒传奇(2017),,0人评价,0, / 科幻 / / / 动画 / / / 儿童 / / / 冒险, / 中国大陆, / 汉语普通话,
纸朋友(2020),,0人评价,0,, / 中国大陆, / 汉语普通话,
纸朋友(2020),,0人评价,0,, / 中国大陆, / 汉语普通话,
纸朋友 第一季 빠삐에 친구 Season 1(2008),,0人评价,0, / 动画, / 法国 / 韩国, / 韩语 / 法语,
冒险小王子 第二季(2021),,0人评价,0, / 动画 / / / 儿童 / / / 奇幻 / / / 冒险, / 中国大陆, / 汉语普通话,
托宝战士之银河侦探 第六季(2025),,0人评价,0, / 动画, / 中国大陆,,
托宝战士之银河侦探 第六季(2025),,0人评价,0, / 动画, / 中国大陆,,
恐龙奇奇汽车救援队 第2季(2030),,0人评价,0, / 动画, / 中国大陆, / 汉语普通话,
托宝战士之银河侦探 第六季(2025),,0人评价,0, / 动画, / 中国大陆,,
灵草小战士(2021),,0人评价,4, / 动画 / / / 儿童, / 中国大陆, / 汉语普通话,
龙宝小英雄(2022),,0人评价,0, / 动画, / 中国大陆, / 汉语普通话,
托宝战士之银河侦探 第五季(2024),,0人评价,0, / 科幻 / / / 动画 / / / 儿童 / / / 冒险, / 中国大陆, / 汉语普通话,
托宝战士之银河侦探 第四季(2023),,0人评价,0, / 科幻 / / / 动画 / / / 儿童 / / / 冒险, / 中国大陆, / 汉语普通话,
魔方战士(2024),,0人评价,0, / 科幻 / / / 动画 / / / 儿童 / / / 冒险, / 中国大陆, / 汉语普通话,
新大头儿子小头爸爸之传奇兜兜(2018),,0人评价,0, / 喜剧 / / / 家庭 / / / 儿童, / 中国大陆, / 汉语普通话, / 2018-02-15(中国大陆)
23号牛奶唐 第二季(2021),,0人评价,0, / 喜剧 / / / 动画 / / / 儿童, / 中国大陆, / 汉语普通话,
青田小田鱼第二季(2024),,0人评价,0, / 动画, / 中国大陆, / 汉语普通话,
我是发明家(2018),,0人评价,0, / 动画, / 中国大陆, / 汉语普通话,
我是发明家(2018),,0人评价,0, / 动画, / 中国大陆, / 汉语普通话,
大运河奇缘(2019),,0人评价,0, / 剧情 / / / 儿童 / / / 奇幻 / / / 冒险, / 中国大陆, / 汉语普通话,
魔法可可(2017),,0人评价,0, / 动画 / / / 儿童, / 中国大陆, / 汉语普通话,
转战之超旋斗士(2018),,0人评价,0, / 动画, / 中国大陆, / 汉语普通话,
山海宝贝(2017),,0人评价,5, / 动画 / / / 家庭 / / / 儿童 / / / 奇幻 / / / 冒险, / 中国大陆, / 汉语普通话,
山海宝贝(2017),,0人评价,5, / 动画 / / / 家庭 / / / 儿童 / / / 奇幻 / / / 冒险, / 中国大陆, / 汉语普通话,
绿树林的故事(2007),,0人评价,0, / 动画, / 中国大陆, / 普通话/国语, / 2007(中国大陆)
超元决战之传说卡(2023),,0人评价,0, / 动画 / / / 儿童 / / / 奇幻, / 中国大陆, / 汉语普通话,
唇齿之间 第一季 Lip Service Season 1(2010),7.5,5032,22, / 剧情 / / / 同性, / 英国, / 英语,
神探可伦坡 第六季 Columbo Season 6(1976),8.7,262,0, / 剧情 / / / 悬疑 / / / 惊悚 / / / 犯罪, / 美国, / 英语,
越狱兔 第五季 ウサビッチ シーズン5(2012),9.2,10883,2, / 剧情 / / / 喜剧 / / / 动画, / 日本, / 日语,
义薄情天 Broken Trail(2006),7.2,625,3, / 西部, / 美国 / 加拿大, / 英语 / 汉语普通话 / 克罗语,
花儿向阳 童心向党——庆祝中国共产党成立100周年全国少儿晚会(2021),暂无评分,0人评价,0, / 音乐 / / / 歌舞, / 中国大陆, / 汉语普通话, / 2021-06-01(中国大陆)
孔子归来(2012),,0人评价,0, / 剧情, / 中国大陆, / 汉语普通话,
多宝一家人 第二季(2020),,0人评价,5, / 动画 / / / 儿童, / 中国大陆, / 汉语普通话,
橡树餐厅之食神秘籍(2024),,0人评价,0, / 动画 / / / 儿童 / / / 冒险, / 中国大陆, / 汉语普通话,
星期五晚餐 第二季 Friday Night Dinner Season 2(2012),8.5,673,0, / 喜剧, / 英国, / 英语,
达娜的恐龙世界 第三季 Dino Dana Season 3(2019),,0人评价,0, / 喜剧 / / / 科幻 / / / 短片 / / / 家庭 / / / 儿童 / / / 冒险, / 美国 / 加拿大, / 英语,
伦敦市的野生乐园 The Unnatural History of London(2012),,0人评价,0, / 纪录片, / 英国,,
小鸡彩虹 第二季(2016),,0人评价,0, / 喜剧 / / / 动画 / / / 音乐 / / / 歌舞 / / / 家庭 / / / 儿童, / 中国大陆, / 汉语普通话,
光影天炎战甲(2024),,0人评价,0, / 科幻 / / / 动画 / / / 儿童, / 中国大陆, / 汉语普通话,
百变校巴15火星大冒险(2024),,0人评价,0, / 科幻 / / / 动画 / / / 儿童, / 中国大陆, / 汉语普通话,
百变校巴 第七季(2021),,0人评价,4, / 动画, / 中国大陆, / 汉语普通话,
百变校巴 第七季(2021),,0人评价,4, / 动画, / 中国大陆, / 汉语普通话,
跳跳鱼世界(2015),,0人评价,0, / 动画, / 中国大陆, / 无对白,
小谢尔顿 第六季 Young Sheldon Season 6(2022),9.1,21820,13, / 喜剧, / 美国, / 英语,
小谢尔顿 第五季 Young Sheldon Season 5(2021),9.1,32578,41, / 喜剧, / 美国, / 英语,
小谢尔顿 第四季 Young Sheldon Season 4(2020),9.4,54261,59, / 喜剧, / 美国, / 英语,
黑袍纠察队 第三季 The Boys Season 3(2022),8.6,104272,169, / 剧情 / / / 动作 / / / 科幻 / / / 犯罪, / 美国, / 英语,
黑袍纠察队 第二季 The Boys Season 2(2020),8.6,119590,165, / 喜剧 / / / 动作 / / / 科幻 / / / 犯罪, / 美国, / 英语,
黑袍纠察队 第一季 The Boys Season 1(2019),8.6,182588,271, / 动作 / / / 科幻 / / / 犯罪, / 美国, / 英语,
23号牛乃唐(2020),,0人评价,19, / 动画 / / / 儿童, / 中国大陆,,
鹿宝贝朗迪(2019),,0人评价,0, / 动画 / / / 儿童, / 中国大陆, / 汉语普通话,
青田小田鱼(2024),,0人评价,0, / 动画, / 中国大陆, / 汉语普通话,
我是发明家(2018),,0人评价,0, / 动画, / 中国大陆, / 汉语普通话,
打断小鸡 第一季 Interrupting Chicken Season 1(2022),,0人评价,0, / 喜剧 / / / 动画, / 加拿大, / 英语,
中华诗歌故事唐宋篇(2024),,0人评价,0, / 动画 / / / 儿童, / 中国大陆, / 汉语普通话,
怪兽家族(2015),,0人评价,0, / 动画 / / / 儿童, / 中国大陆, / 汉语普通话,
洪恩GOGO学英语 Gogo's Adventures with English(2000),8.9,118,0, / 动画 / / / 儿童, / 英国, / 英语,
乌龙院之活宝传奇 第一季(2017),7.3,849,11, / 剧情 / / / 喜剧 / / / 动画 / / / 奇幻 / / / 武侠, / 中国大陆, / 汉语普通话,
乌龙院之活宝传奇 第一季(2017),7.3,849,11, / 剧情 / / / 喜剧 / / / 动画 / / / 奇幻 / / / 武侠, / 中国大陆, / 汉语普通话,
乌龙院之活宝传奇 第一季(2017),7.3,849,11, / 剧情 / / / 喜剧 / / / 动画 / / / 奇幻 / / / 武侠, / 中国大陆, / 汉语普通话,
乌龙院之活宝传奇 第一季(2017),7.3,849,11, / 剧情 / / / 喜剧 / / / 动画 / / / 奇幻 / / / 武侠, / 中国大陆, / 汉语普通话,
乌龙院之活宝传奇 第一季(2017),7.3,849,11, / 剧情 / / / 喜剧 / / / 动画 / / / 奇幻 / / / 武侠, / 中国大陆, / 汉语普通话,
百变校巴 第七季(2021),,0人评价,4, / 动画, / 中国大陆, / 汉语普通话,
核晶少年(2018),,0人评价,0, / 科幻 / / / 动画 / / / 儿童 / / / 冒险, / 中国大陆, / 汉语普通话,
乌龙院之活宝传奇 第一季(2017),7.3,849,11, / 剧情 / / / 喜剧 / / / 动画 / / / 奇幻 / / / 武侠, / 中国大陆, / 汉语普通话,
核晶少年(2018),,0人评价,0, / 科幻 / / / 动画 / / / 儿童 / / / 冒险, / 中国大陆, / 汉语普通话,
核晶少年(2018),,0人评价,0, / 科幻 / / / 动画 / / / 儿童 / / / 冒险, / 中国大陆, / 汉语普通话,
核晶少年(2018),,0人评价,0, / 科幻 / / / 动画 / / / 儿童 / / / 冒险, / 中国大陆, / 汉语普通话,
疯狂小糖 第五季(2018),,0人评价,1, / 动画 / / / 儿童, / 中国大陆, / 汉语普通话,
疯狂小糖 第四季(2018),,0人评价,1, / 动画 / / / 儿童, / 中国大陆, / 汉语普通话,
百变校巴英文儿歌(2019),,0人评价,0, / 动画 / / / 短片 / / / 儿童, / 中国大陆, / 汉语普通话,
百变校巴英文儿歌(2019),,0人评价,0, / 动画 / / / 短片 / / / 儿童, / 中国大陆, / 汉语普通话,
猪猪侠之恐龙日记 第八季(2024),,0人评价,0, / 科幻 / / / 动画 / / / 儿童 / / / 冒险, / 中国大陆, / 汉语普通话,
汽车世界工程车益趣园 第二季(2022),,0人评价,0, / 动画 / / / 儿童, / 中国大陆, / 汉语普通话,
奇特食物：美味终点站 第一季 Bizarre Foods Delicious Destinations Season 1(2015),,0人评价,0, / 真人秀, / 美国, / 英语,
漫赏秦腔 第1季(2016),,0人评价,0, / 动画 / / / 儿童 / / / 戏曲, / 中国大陆, / 汉语普通话,
小时候：圣诞的故事 小時候：聖誕的故事(1977),,0人评价,0, / 短片, / 中国香港, / 粤语, / 1977
天外福星之赤剑传奇(2009),,0人评价,0, / 动画 / / / 儿童 / / / 冒险 / / / 武侠, / 中国大陆, / 汉语普通话,
飞越五千年(2012),,0人评价,0,, / 中国大陆, / 汉语普通话,
查莉成长日记 第二季 Good Luck Charlie Season 2(2011),9.3,8181,7, / 喜剧 / / / 家庭, / 美国, / 英语,
奇奇妙妙 기기묘묘(2022),,0人评价,1, / 惊悚 / / / 恐怖, / 韩国, / 韩语, / 2022-09-22(韩国)
蚂蚁传奇之神木奇缘(2023),,0人评价,0, / 动画, / 中国大陆, / 汉语普通话, / 2023-12-16(中国大陆)
漫赏秦腔 第2季(2018),,0人评价,0, / 动画 / / / 儿童 / / / 戏曲, / 中国大陆, / 汉语普通话,
百变布鲁可 第八季 超变先锋救援(2024),,0人评价,0, / 科幻 / / / 动画 / / / 儿童 / / / 冒险, / 中国大陆, / 汉语普通话,
乐高城市大冒险 第一季 Lego City Adventures Season 1(2019),,0人评价,0, / 剧情 / / / 喜剧 / / / 动作 / / / 动画 / / / 家庭 / / / 儿童 / / / 冒险, / 美国, / 英语 / 汉语普通话,
是好朋友的周末2024(2024),,0人评价,13, / 真人秀, / 中国大陆, / 汉语普通话,
达娜的恐龙世界 第二季 Dino Dana Season 2(2018),,0人评价,0, / 喜剧 / / / 科幻 / / / 短片 / / / 家庭 / / / 儿童 / / / 冒险, / 美国 / 加拿大, / 英语,
马洛谋杀俱乐部 第二季 The Marlow Murder Club Season 2(2025),7.3,4213,11, / 剧情 / / / 悬疑 / / / 犯罪, / 英国, / 英语,
猪猪侠之恐龙日记 第七季(2024),,0人评价,0, / 动画, / 中国大陆,,
猪猪侠之恐龙日记 第二季(2019),,0人评价,0, / 动画, / 中国大陆, / 汉语普通话,
猪猪侠之恐龙日记 第八季(2024),,0人评价,0, / 科幻 / / / 动画 / / / 儿童 / / / 冒险, / 中国大陆, / 汉语普通话,
猪猪侠之环球日记(2018),,0人评价,1, / 动画 / / / 儿童 / / / 冒险, / 中国大陆, / 汉语普通话,
猪猪侠番外篇之拼装特工队(2016),,0人评价,0, / 动画 / / / 奇幻, / 中国大陆, / 汉语普通话,
猪猪侠之深海小英雄4(2020),,0人评价,0, / 动画 / / / 儿童, / 中国大陆, / 汉语普通话,
猪猪侠之深海小英雄3(2020),,0人评价,0, / 动画 / / / 儿童 / / / 冒险, / 中国大陆, / 汉语普通话,
猪猪侠之深海小英雄2(2020),,0人评价,0, / 动画, / 中国大陆, / 汉语普通话,
猪猪侠之深海小英雄(2020),,0人评价,1, / 动画, / 中国大陆, / 汉语普通话,
百变校巴15火星大冒险(2024),,0人评价,0, / 科幻 / / / 动画 / / / 儿童, / 中国大陆, / 汉语普通话,
小鸡彩虹 第二季(2016),,0人评价,0, / 喜剧 / / / 动画 / / / 音乐 / / / 歌舞 / / / 家庭 / / / 儿童, / 中国大陆, / 汉语普通话,
肥志百科 第十二季 原来你是这样的植物篇4(2025),,0人评价,0,, / 中国大陆, / 汉语普通话,
使女的故事 第一季 The Handmaid's Tale Season 1(2017),8.9,111609,384, / 剧情 / / / 科幻, / 美国, / 英语,
阿达一家人 第一季 The Addams Family Season 1(1964),9.3,1632,4, / 喜剧 / / / 恐怖 / / / 家庭, / 美国, / 英语,
蔬菜不寂寞第三季(2015),,0人评价,0, / 动画, / 中国大陆, / 汉语普通话,
使女的故事 第一季 The Handmaid's Tale Season 1(2017),8.9,111609,384, / 剧情 / / / 科幻, / 美国, / 英语,
一千零一夜之拯救黄金城(2024),,0人评价,0, / 动作 / / / 动画 / / / 冒险, / 中国大陆, / 汉语普通话, / 2024-07-13(中国大陆)
雪人奇缘之神奇都市 第二季 第二季 Abominable and The Invisible City Season 2 Season 2(2023),,0人评价,0, / 动画, / 美国 / 中国大陆, / 英语 / 汉语普通话,
神奇的真菌世界 Le monde extraordinaire des champignons(2024),,0人评价,0, / 纪录片, / 法国 / 中国大陆, / 法语 / 汉语普通话,
蔬菜不寂寞第三季(2015),,0人评价,0, / 动画, / 中国大陆, / 汉语普通话,
霸王龙雷奇 第二季 霸王龙雷奇(2024),,0人评价,0, / 动画 / / / 儿童, / 中国大陆, / 汉语普通话,
人体的微观世界 The Body(2018),8.9,108,1, / 纪录片, / 日本, / 英语,
制造的原理 第一季 How It's Made Season 1(2001),9.2,1382,4, / 纪录片 / / / 短片, / 加拿大, / 英语,
巴厘岛的日子 발리에서 생긴 일(2004),8.2,15403,199, / 剧情 / / / 爱情, / 韩国, / 韩语,
反诈小分队(2023),,0人评价,0, / 动画 / / / 儿童, / 中国大陆, / 汉语普通话,
桃色夫人 도색부인(1993),,0人评价,0, / 情色, / 韩国, / 韩语, / 1993-10-23(韩国)
蔬菜不寂寞第三季(2015),,0人评价,0, / 动画, / 中国大陆, / 汉语普通话,
快乐小郑星 第二季(2015),,0人评价,0, / 动画, / 中国大陆, / 汉语普通话,
蔬菜不寂寞第三季(2015),,0人评价,0, / 动画, / 中国大陆, / 汉语普通话,
时光代理人 英都篇(2024),6.8,6522,8, / 动画, / 中国大陆, / 汉语普通话,
雪王之奇幻沙州(2024),,0人评价,2, / 喜剧 / / / 动画, / 中国大陆, / 汉语普通话,
胶囊计划 英雄(2024),,0人评价,7, / 科幻 / / / 动画 / / / 短片, / 中国大陆, / 汉语普通话,
全职高手荣耀小剧场(2024),,0人评价,0,, / 中国大陆, / 汉语普通话,
镇魂街 第四季(2024),,0人评价,5, / 剧情 / / / 动作 / / / 动画, / 中国大陆, / 汉语普通话,
恰同学少年(2007),9.1,53528,207, / 剧情 / / / 传记 / / / 历史, / 中国大陆, / 汉语普通话,
暂停！智序重组(2024),,0人评价,1, / 动画 / / / 奇幻, / 中国大陆, / 汉语普通话,
元气奇事(2022),,0人评价,0,, / 中国大陆,,
