,棉花糖和云朵妈妈,长安三万里,超级飞侠：乐迪加速,茶啊二中,欢乐丛林,萌鼠大冒险,百变马丁：怪兽大作战,超级英雄美猴王：齐天儿,飞向月球,雪域少年,王牌二哈,龙珠寻游记,嗨！神兽,贝肯熊：火星任务,功夫王,迷你特工队,蚂蚁传奇,四季童年,舒克贝塔·五角飞碟,天降大任,大雨,江豚·风时舞,熊出没,雄狮少年,盒中之海,新大头儿子和小头爸爸,守龙者,阿狸,白蛇：浮生,喜羊羊与灰太狼,落凡尘,伞少女,头脑特工队,一,休,心源,小诗人,龙门,出口,加菲猫家族,猪猪侠大电影·星际行动,趣说经典,开心超人,聊斋：兰若寺,时间之子,恶兽,哪吒,罗小黑战记,非人哉：限时玩家,浪浪山小妖怪
2023-07-01,,,,,,,,,,,,,,,,,,,,,,,,,,,,,,,,,,,,,,,,,,,,,,,,,,
2023-07-02,1375.0,35054.0,,7465.0,,,,,181.0,,,,,,76.0,3046.0,,,,209.0,835.0,,12978.0,1285.0,0.0,,0.0,1072.0,,6527.0,81.0,0.0,1218.0,26652.0,867.0,,,689.0,498.0,0.0,,,1917.0,,0.0,,4797.0,1610.0,,0.0
2023-07-03,,,,,,,,,,,,,,,,,,,,,,,,,,,,,,,,,,,,,,,,,,,,,,,,,,
2023-07-04,,,,,,,,,,,,,,,,,,,,,,,,,,,,,,,,,,,,,,,,,,,,,,,,,,
2023-07-05,,,,,,,,,,,,,,,,,,,,,,,,,,,,,,,,,,,,,,,,,,,,,,,,,,
2023-07-06,,,,,,,,,,,,,,,,,,,,,,,,,,,,,,,,,,,,,,,,,,,,,,,,,,
2023-07-07,,,,,,,,,,,,,,,,,,,,,,,,,,,,,,,,,,,,,,,,,,,,,,,,,,
2023-07-08,,,,,,,,,,,,,,,,,,,,,,,,,,,,,,,,,,,,,,,,,,,,,,,,,,
2023-07-09,1000.0,75894.0,,10891.0,,,,,167.0,,,,,,96.0,2695.0,,,,337.0,819.0,,12120.0,1226.0,0.0,,0.0,1090.0,,6872.0,94.0,0.0,1232.0,26173.0,917.0,,,700.0,651.0,0.0,,,1904.0,,0.0,,5313.0,1524.0,,0.0
2023-07-10,,,,,,,,,,,,,,,,,,,,,,,,,,,,,,,,,,,,,,,,,,,,,,,,,,
2023-07-11,,,,,,,,,,,,,,,,,,,,,,,,,,,,,,,,,,,,,,,,,,,,,,,,,,
2023-07-12,,,,,,,,,,,,,,,,,,,,,,,,,,,,,,,,,,,,,,,,,,,,,,,,,,
2023-07-13,,,,,,,,,,,,,,,,,,,,,,,,,,,,,,,,,,,,,,,,,,,,,,,,,,
2023-07-14,,,,,,,,,,,,,,,,,,,,,,,,,,,,,,,,,,,,,,,,,,,,,,,,,,
2023-07-15,,,,,,,,,,,,,,,,,,,,,,,,,,,,,,,,,,,,,,,,,,,,,,,,,,
2023-07-16,852.0,136773.0,,31165.0,,,,,180.0,,,,,,58.0,2924.0,,,,224.0,817.0,,13038.0,1238.0,0.0,,0.0,1082.0,,6921.0,104.0,0.0,1188.0,27683.0,880.0,,,755.0,691.0,0.0,,,1843.0,,0.0,,5364.0,1586.0,,0.0
2023-07-17,,,,,,,,,,,,,,,,,,,,,,,,,,,,,,,,,,,,,,,,,,,,,,,,,,
2023-07-18,,,,,,,,,,,,,,,,,,,,,,,,,,,,,,,,,,,,,,,,,,,,,,,,,,
2023-07-19,,,,,,,,,,,,,,,,,,,,,,,,,,,,,,,,,,,,,,,,,,,,,,,,,,
2023-07-20,,,,,,,,,,,,,,,,,,,,,,,,,,,,,,,,,,,,,,,,,,,,,,,,,,
2023-07-21,,,,,,,,,,,,,,,,,,,,,,,,,,,,,,,,,,,,,,,,,,,,,,,,,,
2023-07-22,,,,,,,,,,,,,,,,,,,,,,,,,,,,,,,,,,,,,,,,,,,,,,,,,,
2023-07-23,814.0,107917.0,,35720.0,,,,,183.0,,,,,,82.0,3312.0,,,,234.0,897.0,,13334.0,1230.0,0.0,,0.0,1090.0,,7698.0,148.0,0.0,1151.0,29166.0,895.0,,,710.0,636.0,0.0,,,1890.0,,0.0,,6513.0,1617.0,,0.0
2023-07-24,,,,,,,,,,,,,,,,,,,,,,,,,,,,,,,,,,,,,,,,,,,,,,,,,,
2023-07-25,,,,,,,,,,,,,,,,,,,,,,,,,,,,,,,,,,,,,,,,,,,,,,,,,,
2023-07-26,,,,,,,,,,,,,,,,,,,,,,,,,,,,,,,,,,,,,,,,,,,,,,,,,,
2023-07-27,,,,,,,,,,,,,,,,,,,,,,,,,,,,,,,,,,,,,,,,,,,,,,,,,,
2023-07-28,,,,,,,,,,,,,,,,,,,,,,,,,,,,,,,,,,,,,,,,,,,,,,,,,,
2023-07-29,,,,,,,,,,,,,,,,,,,,,,,,,,,,,,,,,,,,,,,,,,,,,,,,,,
2023-07-30,827.0,81357.0,,22684.0,,,,,198.0,,,,,,75.0,3609.0,,,,222.0,1005.0,,14153.0,1200.0,0.0,,0.0,1097.0,,7009.0,122.0,0.0,1128.0,29185.0,885.0,,,736.0,628.0,0.0,,,1958.0,,0.0,,7958.0,1662.0,,0.0
2023-07-31,,,,,,,,,,,,,,,,,,,,,,,,,,,,,,,,,,,,,,,,,,,,,,,,,,
2023-08-01,,,,,,,,,,,,,,,,,,,,,,,,,,,,,,,,,,,,,,,,,,,,,,,,,,
2023-08-02,,,,,,,,,,,,,,,,,,,,,,,,,,,,,,,,,,,,,,,,,,,,,,,,,,
2023-08-03,,,,,,,,,,,,,,,,,,,,,,,,,,,,,,,,,,,,,,,,,,,,,,,,,,
2023-08-04,,,,,,,,,,,,,,,,,,,,,,,,,,,,,,,,,,,,,,,,,,,,,,,,,,
2023-08-05,,,,,,,,,,,,,,,,,,,,,,,,,,,,,,,,,,,,,,,,,,,,,,,,,,
2023-08-06,821.0,60449.0,,15688.0,,,,,201.0,,,,,,76.0,3816.0,,,,221.0,1221.0,,14702.0,1126.0,0.0,,0.0,1088.0,,7189.0,117.0,0.0,1132.0,30100.0,880.0,,,746.0,606.0,0.0,,,2075.0,,0.0,,7781.0,1629.0,,0.0
2023-08-07,,,,,,,,,,,,,,,,,,,,,,,,,,,,,,,,,,,,,,,,,,,,,,,,,,
2023-08-08,,,,,,,,,,,,,,,,,,,,,,,,,,,,,,,,,,,,,,,,,,,,,,,,,,
2023-08-09,,,,,,,,,,,,,,,,,,,,,,,,,,,,,,,,,,,,,,,,,,,,,,,,,,
2023-08-10,,,,,,,,,,,,,,,,,,,,,,,,,,,,,,,,,,,,,,,,,,,,,,,,,,
2023-08-11,,,,,,,,,,,,,,,,,,,,,,,,,,,,,,,,,,,,,,,,,,,,,,,,,,
2023-08-12,,,,,,,,,,,,,,,,,,,,,,,,,,,,,,,,,,,,,,,,,,,,,,,,,,
2023-08-13,820.0,39001.0,,11694.0,,,,,256.0,,,,,,83.0,3741.0,,,,225.0,797.0,,15630.0,1114.0,0.0,,0.0,1087.0,,7285.0,135.0,0.0,1119.0,27125.0,894.0,,,762.0,748.0,0.0,,,2111.0,,0.0,,7305.0,1627.0,,0.0
2023-08-14,,,,,,,,,,,,,,,,,,,,,,,,,,,,,,,,,,,,,,,,,,,,,,,,,,
2023-08-15,,,,,,,,,,,,,,,,,,,,,,,,,,,,,,,,,,,,,,,,,,,,,,,,,,
2023-08-16,,,,,,,,,,,,,,,,,,,,,,,,,,,,,,,,,,,,,,,,,,,,,,,,,,
2023-08-17,,,,,,,,,,,,,,,,,,,,,,,,,,,,,,,,,,,,,,,,,,,,,,,,,,
2023-08-18,,,,,,,,,,,,,,,,,,,,,,,,,,,,,,,,,,,,,,,,,,,,,,,,,,
2023-08-19,,,,,,,,,,,,,,,,,,,,,,,,,,,,,,,,,,,,,,,,,,,,,,,,,,
2023-08-20,882.0,31239.0,,9316.0,,,,,209.0,,,,,,93.0,3768.0,,,,276.0,764.0,,16364.0,1132.0,0.0,,0.0,1056.0,,7071.0,151.0,0.0,1122.0,29119.0,842.0,,,773.0,657.0,0.0,,,2103.0,,0.0,,6887.0,1597.0,,0.0
2023-08-21,,,,,,,,,,,,,,,,,,,,,,,,,,,,,,,,,,,,,,,,,,,,,,,,,,
2023-08-22,,,,,,,,,,,,,,,,,,,,,,,,,,,,,,,,,,,,,,,,,,,,,,,,,,
2023-08-23,,,,,,,,,,,,,,,,,,,,,,,,,,,,,,,,,,,,,,,,,,,,,,,,,,
2023-08-24,,,,,,,,,,,,,,,,,,,,,,,,,,,,,,,,,,,,,,,,,,,,,,,,,,
2023-08-25,,,,,,,,,,,,,,,,,,,,,,,,,,,,,,,,,,,,,,,,,,,,,,,,,,
2023-08-26,,,,,,,,,,,,,,,,,,,,,,,,,,,,,,,,,,,,,,,,,,,,,,,,,,
2023-08-27,753.0,23205.0,,7618.0,,,,,196.0,,,,,,64.0,3514.0,,,,278.0,930.0,,15694.0,1098.0,0.0,,0.0,1045.0,,7023.0,133.0,0.0,1142.0,28599.0,850.0,,,687.0,638.0,0.0,,,1999.0,,0.0,,6559.0,1496.0,,0.0
2023-08-28,,,,,,,,,,,,,,,,,,,,,,,,,,,,,,,,,,,,,,,,,,,,,,,,,,
2023-08-29,,,,,,,,,,,,,,,,,,,,,,,,,,,,,,,,,,,,,,,,,,,,,,,,,,
2023-08-30,,,,,,,,,,,,,,,,,,,,,,,,,,,,,,,,,,,,,,,,,,,,,,,,,,
2023-08-31,,,,,,,,,,,,,,,,,,,,,,,,,,,,,,,,,,,,,,,,,,,,,,,,,,
2023-09-01,,,,,,,,,,,,,,,,,,,,,,,,,,,,,,,,,,,,,,,,,,,,,,,,,,
2023-09-02,,,,,,,,,,,,,,,,,,,,,,,,,,,,,,,,,,,,,,,,,,,,,,,,,,
2023-09-03,604.0,20285.0,,5895.0,,,,,182.0,,,,,,66.0,2964.0,,,,277.0,656.0,,12724.0,990.0,0.0,,0.0,1023.0,,5552.0,110.0,0.0,1128.0,26600.0,834.0,,,661.0,646.0,0.0,,,1706.0,,0.0,,5842.0,1412.0,,0.0
2023-09-04,,,,,,,,,,,,,,,,,,,,,,,,,,,,,,,,,,,,,,,,,,,,,,,,,,
2023-09-05,,,,,,,,,,,,,,,,,,,,,,,,,,,,,,,,,,,,,,,,,,,,,,,,,,
2023-09-06,,,,,,,,,,,,,,,,,,,,,,,,,,,,,,,,,,,,,,,,,,,,,,,,,,
2023-09-07,,,,,,,,,,,,,,,,,,,,,,,,,,,,,,,,,,,,,,,,,,,,,,,,,,
2023-09-08,,,,,,,,,,,,,,,,,,,,,,,,,,,,,,,,,,,,,,,,,,,,,,,,,,
2023-09-09,,,,,,,,,,,,,,,,,,,,,,,,,,,,,,,,,,,,,,,,,,,,,,,,,,
2023-09-10,466.0,14167.0,,4217.0,,,,,161.0,,,,,,77.0,2144.0,,,,269.0,792.0,,9378.0,816.0,0.0,,0.0,926.0,,4257.0,96.0,0.0,908.0,27603.0,859.0,,,660.0,711.0,0.0,,,1352.0,,0.0,,5145.0,1217.0,,0.0
2023-09-11,,,,,,,,,,,,,,,,,,,,,,,,,,,,,,,,,,,,,,,,,,,,,,,,,,
2023-09-12,,,,,,,,,,,,,,,,,,,,,,,,,,,,,,,,,,,,,,,,,,,,,,,,,,
2023-09-13,,,,,,,,,,,,,,,,,,,,,,,,,,,,,,,,,,,,,,,,,,,,,,,,,,
2023-09-14,,,,,,,,,,,,,,,,,,,,,,,,,,,,,,,,,,,,,,,,,,,,,,,,,,
2023-09-15,,,,,,,,,,,,,,,,,,,,,,,,,,,,,,,,,,,,,,,,,,,,,,,,,,
2023-09-16,,,,,,,,,,,,,,,,,,,,,,,,,,,,,,,,,,,,,,,,,,,,,,,,,,
2023-09-17,423.0,13038.0,,3611.0,,,,,142.0,,,,,,106.0,2065.0,,,,257.0,732.0,,9689.0,903.0,0.0,,0.0,924.0,,4335.0,93.0,0.0,1022.0,28067.0,974.0,,,702.0,665.0,0.0,,,1361.0,,0.0,,4997.0,1249.0,,0.0
2023-09-18,,,,,,,,,,,,,,,,,,,,,,,,,,,,,,,,,,,,,,,,,,,,,,,,,,
2023-09-19,,,,,,,,,,,,,,,,,,,,,,,,,,,,,,,,,,,,,,,,,,,,,,,,,,
2023-09-20,,,,,,,,,,,,,,,,,,,,,,,,,,,,,,,,,,,,,,,,,,,,,,,,,,
2023-09-21,,,,,,,,,,,,,,,,,,,,,,,,,,,,,,,,,,,,,,,,,,,,,,,,,,
2023-09-22,,,,,,,,,,,,,,,,,,,,,,,,,,,,,,,,,,,,,,,,,,,,,,,,,,
2023-09-23,,,,,,,,,,,,,,,,,,,,,,,,,,,,,,,,,,,,,,,,,,,,,,,,,,
2023-09-24,389.0,12066.0,,13406.0,,,,,161.0,,,,,,94.0,1911.0,,,,237.0,658.0,,9986.0,915.0,0.0,,0.0,892.0,,4246.0,118.0,0.0,1073.0,25940.0,1143.0,,,660.0,639.0,0.0,,,1359.0,,0.0,,5419.0,1186.0,,0.0
2023-09-25,,,,,,,,,,,,,,,,,,,,,,,,,,,,,,,,,,,,,,,,,,,,,,,,,,
2023-09-26,,,,,,,,,,,,,,,,,,,,,,,,,,,,,,,,,,,,,,,,,,,,,,,,,,
2023-09-27,,,,,,,,,,,,,,,,,,,,,,,,,,,,,,,,,,,,,,,,,,,,,,,,,,
2023-09-28,,,,,,,,,,,,,,,,,,,,,,,,,,,,,,,,,,,,,,,,,,,,,,,,,,
2023-09-29,,,,,,,,,,,,,,,,,,,,,,,,,,,,,,,,,,,,,,,,,,,,,,,,,,
2023-09-30,,,,,,,,,,,,,,,,,,,,,,,,,,,,,,,,,,,,,,,,,,,,,,,,,,
2023-10-01,456.0,25544.0,,17312.0,,,,,178.0,,,,,,161.0,2344.0,,,,222.0,604.0,,11747.0,1001.0,0.0,,0.0,913.0,,4780.0,113.0,0.0,1112.0,26869.0,951.0,,,825.0,562.0,0.0,,,1815.0,,0.0,,6654.0,1311.0,,0.0
2023-10-02,,,,,,,,,,,,,,,,,,,,,,,,,,,,,,,,,,,,,,,,,,,,,,,,,,
2023-10-03,,,,,,,,,,,,,,,,,,,,,,,,,,,,,,,,,,,,,,,,,,,,,,,,,,
2023-10-04,,,,,,,,,,,,,,,,,,,,,,,,,,,,,,,,,,,,,,,,,,,,,,,,,,
2023-10-05,,,,,,,,,,,,,,,,,,,,,,,,,,,,,,,,,,,,,,,,,,,,,,,,,,
2023-10-06,,,,,,,,,,,,,,,,,,,,,,,,,,,,,,,,,,,,,,,,,,,,,,,,,,
2023-10-07,,,,,,,,,,,,,,,,,,,,,,,,,,,,,,,,,,,,,,,,,,,,,,,,,,
2023-10-08,424.0,38460.0,,13781.0,,,,,166.0,,,,,,156.0,2537.0,,,,213.0,622.0,,13028.0,998.0,0.0,,0.0,972.0,,5147.0,91.0,0.0,1096.0,26755.0,933.0,,,1010.0,549.0,0.0,,,2212.0,,0.0,,7314.0,1307.0,,0.0
2023-10-09,,,,,,,,,,,,,,,,,,,,,,,,,,,,,,,,,,,,,,,,,,,,,,,,,,
2023-10-10,,,,,,,,,,,,,,,,,,,,,,,,,,,,,,,,,,,,,,,,,,,,,,,,,,
2023-10-11,,,,,,,,,,,,,,,,,,,,,,,,,,,,,,,,,,,,,,,,,,,,,,,,,,
2023-10-12,,,,,,,,,,,,,,,,,,,,,,,,,,,,,,,,,,,,,,,,,,,,,,,,,,
2023-10-13,,,,,,,,,,,,,,,,,,,,,,,,,,,,,,,,,,,,,,,,,,,,,,,,,,
2023-10-14,,,,,,,,,,,,,,,,,,,,,,,,,,,,,,,,,,,,,,,,,,,,,,,,,,
2023-10-15,371.0,21585.0,,7491.0,,,,,144.0,,,,,,91.0,1716.0,,,,234.0,536.0,,9566.0,1043.0,0.0,,0.0,952.0,,4228.0,104.0,0.0,1213.0,23185.0,918.0,,,793.0,648.0,0.0,,,1700.0,,0.0,,6891.0,1231.0,,0.0
2023-10-16,,,,,,,,,,,,,,,,,,,,,,,,,,,,,,,,,,,,,,,,,,,,,,,,,,
2023-10-17,,,,,,,,,,,,,,,,,,,,,,,,,,,,,,,,,,,,,,,,,,,,,,,,,,
2023-10-18,,,,,,,,,,,,,,,,,,,,,,,,,,,,,,,,,,,,,,,,,,,,,,,,,,
2023-10-19,,,,,,,,,,,,,,,,,,,,,,,,,,,,,,,,,,,,,,,,,,,,,,,,,,
2023-10-20,,,,,,,,,,,,,,,,,,,,,,,,,,,,,,,,,,,,,,,,,,,,,,,,,,
2023-10-21,,,,,,,,,,,,,,,,,,,,,,,,,,,,,,,,,,,,,,,,,,,,,,,,,,
2023-10-22,355.0,12427.0,,6446.0,,,,,146.0,,,,,,74.0,1663.0,,,,223.0,550.0,,9199.0,851.0,0.0,,0.0,871.0,,3792.0,128.0,0.0,1222.0,23081.0,844.0,,,656.0,610.0,0.0,,,1596.0,,0.0,,6259.0,1169.0,,0.0
2023-10-23,,,,,,,,,,,,,,,,,,,,,,,,,,,,,,,,,,,,,,,,,,,,,,,,,,
2023-10-24,,,,,,,,,,,,,,,,,,,,,,,,,,,,,,,,,,,,,,,,,,,,,,,,,,
2023-10-25,,,,,,,,,,,,,,,,,,,,,,,,,,,,,,,,,,,,,,,,,,,,,,,,,,
2023-10-26,,,,,,,,,,,,,,,,,,,,,,,,,,,,,,,,,,,,,,,,,,,,,,,,,,
2023-10-27,,,,,,,,,,,,,,,,,,,,,,,,,,,,,,,,,,,,,,,,,,,,,,,,,,
2023-10-28,,,,,,,,,,,,,,,,,,,,,,,,,,,,,,,,,,,,,,,,,,,,,,,,,,
2023-10-29,337.0,9503.0,,5557.0,,,,,130.0,,,,,,47.0,1556.0,,,,210.0,445.0,,8839.0,777.0,0.0,,0.0,801.0,,3440.0,73.0,0.0,1168.0,22170.0,807.0,,,591.0,592.0,0.0,,,1396.0,,0.0,,6102.0,1035.0,,0.0
2023-10-30,,,,,,,,,,,,,,,,,,,,,,,,,,,,,,,,,,,,,,,,,,,,,,,,,,
2023-10-31,,,,,,,,,,,,,,,,,,,,,,,,,,,,,,,,,,,,,,,,,,,,,,,,,,
2023-11-01,,,,,,,,,,,,,,,,,,,,,,,,,,,,,,,,,,,,,,,,,,,,,,,,,,
2023-11-02,,,,,,,,,,,,,,,,,,,,,,,,,,,,,,,,,,,,,,,,,,,,,,,,,,
2023-11-03,,,,,,,,,,,,,,,,,,,,,,,,,,,,,,,,,,,,,,,,,,,,,,,,,,
2023-11-04,,,,,,,,,,,,,,,,,,,,,,,,,,,,,,,,,,,,,,,,,,,,,,,,,,
2023-11-05,343.0,13611.0,,4029.0,,,,,146.0,,,,,,65.0,1638.0,,,,213.0,386.0,,10946.0,855.0,0.0,,0.0,870.0,,3945.0,134.0,0.0,1310.0,23818.0,831.0,,,653.0,545.0,0.0,,,1396.0,,0.0,,7256.0,1205.0,,0.0
2023-11-06,,,,,,,,,,,,,,,,,,,,,,,,,,,,,,,,,,,,,,,,,,,,,,,,,,
2023-11-07,,,,,,,,,,,,,,,,,,,,,,,,,,,,,,,,,,,,,,,,,,,,,,,,,,
2023-11-08,,,,,,,,,,,,,,,,,,,,,,,,,,,,,,,,,,,,,,,,,,,,,,,,,,
2023-11-09,,,,,,,,,,,,,,,,,,,,,,,,,,,,,,,,,,,,,,,,,,,,,,,,,,
2023-11-10,,,,,,,,,,,,,,,,,,,,,,,,,,,,,,,,,,,,,,,,,,,,,,,,,,
2023-11-11,,,,,,,,,,,,,,,,,,,,,,,,,,,,,,,,,,,,,,,,,,,,,,,,,,
2023-11-12,456.0,12683.0,,3955.0,,,,,157.0,,,,,,179.0,1971.0,,,,213.0,360.0,,11590.0,907.0,0.0,,0.0,846.0,,4453.0,129.0,0.0,1650.0,24382.0,878.0,,,582.0,579.0,0.0,,,1414.0,,0.0,,6467.0,1139.0,,0.0
2023-11-13,,,,,,,,,,,,,,,,,,,,,,,,,,,,,,,,,,,,,,,,,,,,,,,,,,
2023-11-14,,,,,,,,,,,,,,,,,,,,,,,,,,,,,,,,,,,,,,,,,,,,,,,,,,
2023-11-15,,,,,,,,,,,,,,,,,,,,,,,,,,,,,,,,,,,,,,,,,,,,,,,,,,
2023-11-16,,,,,,,,,,,,,,,,,,,,,,,,,,,,,,,,,,,,,,,,,,,,,,,,,,
2023-11-17,,,,,,,,,,,,,,,,,,,,,,,,,,,,,,,,,,,,,,,,,,,,,,,,,,
2023-11-18,,,,,,,,,,,,,,,,,,,,,,,,,,,,,,,,,,,,,,,,,,,,,,,,,,
2023-11-19,320.0,12153.0,,3753.0,,,,,150.0,,,,,,90.0,1844.0,,,,211.0,300.0,,10973.0,932.0,0.0,,0.0,917.0,,4622.0,120.0,0.0,1597.0,21591.0,852.0,,,626.0,548.0,0.0,,,1341.0,,0.0,,5262.0,1158.0,,0.0
2023-11-20,,,,,,,,,,,,,,,,,,,,,,,,,,,,,,,,,,,,,,,,,,,,,,,,,,
2023-11-21,,,,,,,,,,,,,,,,,,,,,,,,,,,,,,,,,,,,,,,,,,,,,,,,,,
2023-11-22,,,,,,,,,,,,,,,,,,,,,,,,,,,,,,,,,,,,,,,,,,,,,,,,,,
2023-11-23,,,,,,,,,,,,,,,,,,,,,,,,,,,,,,,,,,,,,,,,,,,,,,,,,,
2023-11-24,,,,,,,,,,,,,,,,,,,,,,,,,,,,,,,,,,,,,,,,,,,,,,,,,,
2023-11-25,,,,,,,,,,,,,,,,,,,,,,,,,,,,,,,,,,,,,,,,,,,,,,,,,,
2023-11-26,335.0,12145.0,,3667.0,,,,,184.0,,,,,,48.0,1757.0,,,,224.0,334.0,,10013.0,958.0,0.0,,0.0,1069.0,,4377.0,123.0,0.0,1549.0,23130.0,948.0,,,716.0,574.0,0.0,,,1466.0,,0.0,,5385.0,1235.0,,0.0
2023-11-27,,,,,,,,,,,,,,,,,,,,,,,,,,,,,,,,,,,,,,,,,,,,,,,,,,
2023-11-28,,,,,,,,,,,,,,,,,,,,,,,,,,,,,,,,,,,,,,,,,,,,,,,,,,
2023-11-29,,,,,,,,,,,,,,,,,,,,,,,,,,,,,,,,,,,,,,,,,,,,,,,,,,
2023-11-30,,,,,,,,,,,,,,,,,,,,,,,,,,,,,,,,,,,,,,,,,,,,,,,,,,
2023-12-01,,,,,,,,,,,,,,,,,,,,,,,,,,,,,,,,,,,,,,,,,,,,,,,,,,
2023-12-02,,,,,,,,,,,,,,,,,,,,,,,,,,,,,,,,,,,,,,,,,,,,,,,,,,
2023-12-03,358.0,10758.0,,3536.0,,,,,168.0,,,,,,38.0,1902.0,,,,224.0,316.0,,9930.0,935.0,0.0,,0.0,882.0,,4248.0,98.0,0.0,1478.0,22202.0,922.0,,,635.0,559.0,0.0,,,1329.0,,0.0,,4676.0,1160.0,,0.0
2023-12-04,,,,,,,,,,,,,,,,,,,,,,,,,,,,,,,,,,,,,,,,,,,,,,,,,,
2023-12-05,,,,,,,,,,,,,,,,,,,,,,,,,,,,,,,,,,,,,,,,,,,,,,,,,,
2023-12-06,,,,,,,,,,,,,,,,,,,,,,,,,,,,,,,,,,,,,,,,,,,,,,,,,,
2023-12-07,,,,,,,,,,,,,,,,,,,,,,,,,,,,,,,,,,,,,,,,,,,,,,,,,,
2023-12-08,,,,,,,,,,,,,,,,,,,,,,,,,,,,,,,,,,,,,,,,,,,,,,,,,,
2023-12-09,,,,,,,,,,,,,,,,,,,,,,,,,,,,,,,,,,,,,,,,,,,,,,,,,,
2023-12-10,352.0,9348.0,,3208.0,,,,,150.0,,,,,,54.0,1739.0,,,,275.0,476.0,,11116.0,904.0,0.0,,0.0,808.0,,4226.0,111.0,0.0,1408.0,22757.0,880.0,,,648.0,596.0,0.0,,,1339.0,,0.0,,4689.0,1183.0,,0.0
2023-12-11,,,,,,,,,,,,,,,,,,,,,,,,,,,,,,,,,,,,,,,,,,,,,,,,,,
2023-12-12,,,,,,,,,,,,,,,,,,,,,,,,,,,,,,,,,,,,,,,,,,,,,,,,,,
2023-12-13,,,,,,,,,,,,,,,,,,,,,,,,,,,,,,,,,,,,,,,,,,,,,,,,,,
2023-12-14,,,,,,,,,,,,,,,,,,,,,,,,,,,,,,,,,,,,,,,,,,,,,,,,,,
2023-12-15,,,,,,,,,,,,,,,,,,,,,,,,,,,,,,,,,,,,,,,,,,,,,,,,,,
2023-12-16,,,,,,,,,,,,,,,,,,,,,,,,,,,,,,,,,,,,,,,,,,,,,,,,,,
2023-12-17,318.0,8525.0,,3170.0,,,,,152.0,,,,,,26.0,1791.0,,,,255.0,485.0,,10515.0,881.0,0.0,,0.0,779.0,,4035.0,104.0,0.0,1303.0,21125.0,758.0,,,611.0,547.0,0.0,,,1325.0,,0.0,,4281.0,1110.0,,0.0
2023-12-18,,,,,,,,,,,,,,,,,,,,,,,,,,,,,,,,,,,,,,,,,,,,,,,,,,
2023-12-19,,,,,,,,,,,,,,,,,,,,,,,,,,,,,,,,,,,,,,,,,,,,,,,,,,
2023-12-20,,,,,,,,,,,,,,,,,,,,,,,,,,,,,,,,,,,,,,,,,,,,,,,,,,
2023-12-21,,,,,,,,,,,,,,,,,,,,,,,,,,,,,,,,,,,,,,,,,,,,,,,,,,
2023-12-22,,,,,,,,,,,,,,,,,,,,,,,,,,,,,,,,,,,,,,,,,,,,,,,,,,
2023-12-23,,,,,,,,,,,,,,,,,,,,,,,,,,,,,,,,,,,,,,,,,,,,,,,,,,
2023-12-24,322.0,7616.0,,2860.0,,,,,139.0,,,,,,55.0,1723.0,,,,348.0,607.0,,10677.0,1037.0,0.0,,0.0,938.0,,4349.0,82.0,0.0,1234.0,21883.0,815.0,,,644.0,542.0,0.0,,,1444.0,,0.0,,4873.0,1163.0,,0.0
2023-12-25,,,,,,,,,,,,,,,,,,,,,,,,,,,,,,,,,,,,,,,,,,,,,,,,,,
2023-12-26,,,,,,,,,,,,,,,,,,,,,,,,,,,,,,,,,,,,,,,,,,,,,,,,,,
2023-12-27,,,,,,,,,,,,,,,,,,,,,,,,,,,,,,,,,,,,,,,,,,,,,,,,,,
2023-12-28,,,,,,,,,,,,,,,,,,,,,,,,,,,,,,,,,,,,,,,,,,,,,,,,,,
2023-12-29,,,,,,,,,,,,,,,,,,,,,,,,,,,,,,,,,,,,,,,,,,,,,,,,,,
2023-12-30,,,,,,,,,,,,,,,,,,,,,,,,,,,,,,,,,,,,,,,,,,,,,,,,,,
2023-12-31,361.0,8475.0,,3378.0,,,,,146.0,,,,,,84.0,1780.0,,,,683.0,604.0,,12804.0,1093.0,0.0,,0.0,933.0,,4608.0,159.0,0.0,1232.0,41690.0,951.0,,,667.0,537.0,0.0,,,1778.0,,0.0,,5191.0,1265.0,,0.0
2024-01-01,,,,,,,,,,,,,,,,,,,,,,,,,,,,,,,,,,,,,,,,,,,,,,,,,,
2024-01-02,,,,,,,,,,,,,,,,,,,,,,,,,,,,,,,,,,,,,,,,,,,,,,,,,,
2024-01-03,,,,,,,,,,,,,,,,,,,,,,,,,,,,,,,,,,,,,,,,,,,,,,,,,,
2024-01-04,,,,,,,,,,,,,,,,,,,,,,,,,,,,,,,,,,,,,,,,,,,,,,,,,,
2024-01-05,,,,,,,,,,,,,,,,,,,,,,,,,,,,,,,,,,,,,,,,,,,,,,,,,,
2024-01-06,,,,,,,,,,,,,,,,,,,,,,,,,,,,,,,,,,,,,,,,,,,,,,,,,,
2024-01-07,427.0,6159.0,,2799.0,,,,,144.0,,,,,,36.0,1782.0,,,,1747.0,809.0,,12098.0,947.0,0.0,,0.0,893.0,,4589.0,105.0,0.0,1166.0,24030.0,930.0,,,649.0,498.0,0.0,,,1936.0,,0.0,,5679.0,1228.0,,0.0
2024-01-08,,,,,,,,,,,,,,,,,,,,,,,,,,,,,,,,,,,,,,,,,,,,,,,,,,
2024-01-09,,,,,,,,,,,,,,,,,,,,,,,,,,,,,,,,,,,,,,,,,,,,,,,,,,
2024-01-10,,,,,,,,,,,,,,,,,,,,,,,,,,,,,,,,,,,,,,,,,,,,,,,,,,
2024-01-11,,,,,,,,,,,,,,,,,,,,,,,,,,,,,,,,,,,,,,,,,,,,,,,,,,
2024-01-12,,,,,,,,,,,,,,,,,,,,,,,,,,,,,,,,,,,,,,,,,,,,,,,,,,
2024-01-13,,,,,,,,,,,,,,,,,,,,,,,,,,,,,,,,,,,,,,,,,,,,,,,,,,
2024-01-14,383.0,5170.0,,2491.0,,,,,130.0,,,,,,27.0,1696.0,,,,993.0,2988.0,,12307.0,982.0,0.0,,0.0,913.0,,4418.0,123.0,0.0,1119.0,22962.0,931.0,,,653.0,583.0,0.0,,,1904.0,,0.0,,5180.0,1241.0,,0.0
2024-01-15,,,,,,,,,,,,,,,,,,,,,,,,,,,,,,,,,,,,,,,,,,,,,,,,,,
2024-01-16,,,,,,,,,,,,,,,,,,,,,,,,,,,,,,,,,,,,,,,,,,,,,,,,,,
2024-01-17,,,,,,,,,,,,,,,,,,,,,,,,,,,,,,,,,,,,,,,,,,,,,,,,,,
2024-01-18,,,,,,,,,,,,,,,,,,,,,,,,,,,,,,,,,,,,,,,,,,,,,,,,,,
2024-01-19,,,,,,,,,,,,,,,,,,,,,,,,,,,,,,,,,,,,,,,,,,,,,,,,,,
2024-01-20,,,,,,,,,,,,,,,,,,,,,,,,,,,,,,,,,,,,,,,,,,,,,,,,,,
2024-01-21,372.0,5610.0,,2826.0,,,,,138.0,,,,,,26.0,1952.0,,,,797.0,2565.0,,14414.0,1101.0,0.0,,0.0,929.0,,5115.0,119.0,0.0,1178.0,23594.0,977.0,,,663.0,534.0,0.0,,,2368.0,,0.0,,4917.0,1362.0,,0.0
2024-01-22,,,,,,,,,,,,,,,,,,,,,,,,,,,,,,,,,,,,,,,,,,,,,,,,,,
2024-01-23,,,,,,,,,,,,,,,,,,,,,,,,,,,,,,,,,,,,,,,,,,,,,,,,,,
2024-01-24,,,,,,,,,,,,,,,,,,,,,,,,,,,,,,,,,,,,,,,,,,,,,,,,,,
2024-01-25,,,,,,,,,,,,,,,,,,,,,,,,,,,,,,,,,,,,,,,,,,,,,,,,,,
2024-01-26,,,,,,,,,,,,,,,,,,,,,,,,,,,,,,,,,,,,,,,,,,,,,,,,,,
2024-01-27,,,,,,,,,,,,,,,,,,,,,,,,,,,,,,,,,,,,,,,,,,,,,,,,,,
2024-01-28,414.0,6044.0,,3136.0,,,,,145.0,,,,,,8.0,2388.0,,,,711.0,1416.0,,16297.0,1080.0,0.0,,0.0,874.0,,5631.0,121.0,0.0,1202.0,22268.0,990.0,,,709.0,526.0,0.0,,,2592.0,,0.0,,4716.0,1362.0,,0.0
2024-01-29,,,,,,,,,,,,,,,,,,,,,,,,,,,,,,,,,,,,,,,,,,,,,,,,,,
2024-01-30,,,,,,,,,,,,,,,,,,,,,,,,,,,,,,,,,,,,,,,,,,,,,,,,,,
2024-01-31,,,,,,,,,,,,,,,,,,,,,,,,,,,,,,,,,,,,,,,,,,,,,,,,,,
2024-02-01,,,,,,,,,,,,,,,,,,,,,,,,,,,,,,,,,,,,,,,,,,,,,,,,,,
2024-02-02,,,,,,,,,,,,,,,,,,,,,,,,,,,,,,,,,,,,,,,,,,,,,,,,,,
2024-02-03,,,,,,,,,,,,,,,,,,,,,,,,,,,,,,,,,,,,,,,,,,,,,,,,,,
2024-02-04,477.0,6301.0,,3371.0,,,,,133.0,,,,,,45.0,2657.0,,,,676.0,1222.0,,19975.0,1093.0,0.0,,0.0,929.0,,8848.0,123.0,0.0,1202.0,24405.0,1014.0,,,720.0,536.0,0.0,,,2444.0,,0.0,,4653.0,1503.0,,0.0
2024-02-05,,,,,,,,,,,,,,,,,,,,,,,,,,,,,,,,,,,,,,,,,,,,,,,,,,
2024-02-06,,,,,,,,,,,,,,,,,,,,,,,,,,,,,,,,,,,,,,,,,,,,,,,,,,
2024-02-07,,,,,,,,,,,,,,,,,,,,,,,,,,,,,,,,,,,,,,,,,,,,,,,,,,
2024-02-08,,,,,,,,,,,,,,,,,,,,,,,,,,,,,,,,,,,,,,,,,,,,,,,,,,
2024-02-09,,,,,,,,,,,,,,,,,,,,,,,,,,,,,,,,,,,,,,,,,,,,,,,,,,
2024-02-10,,,,,,,,,,,,,,,,,,,,,,,,,,,,,,,,,,,,,,,,,,,,,,,,,,
2024-02-11,564.0,17375.0,,3452.0,,,,,133.0,,,,,,18.0,3043.0,,,,476.0,1065.0,,26421.0,1113.0,0.0,,0.0,890.0,,8301.0,106.0,0.0,1336.0,23072.0,754.0,,,801.0,413.0,0.0,,,2356.0,,0.0,,4462.0,1531.0,,0.0
2024-02-12,,,,,,,,,,,,,,,,,,,,,,,,,,,,,,,,,,,,,,,,,,,,,,,,,,
2024-02-13,,,,,,,,,,,,,,,,,,,,,,,,,,,,,,,,,,,,,,,,,,,,,,,,,,
2024-02-14,,,,,,,,,,,,,,,,,,,,,,,,,,,,,,,,,,,,,,,,,,,,,,,,,,
2024-02-15,,,,,,,,,,,,,,,,,,,,,,,,,,,,,,,,,,,,,,,,,,,,,,,,,,
2024-02-16,,,,,,,,,,,,,,,,,,,,,,,,,,,,,,,,,,,,,,,,,,,,,,,,,,
2024-02-17,,,,,,,,,,,,,,,,,,,,,,,,,,,,,,,,,,,,,,,,,,,,,,,,,,
2024-02-18,472.0,10731.0,,3508.0,,,,,161.0,,,,,,28.0,2974.0,,,,333.0,946.0,,40092.0,1202.0,0.0,,0.0,943.0,,7699.0,82.0,0.0,1208.0,24443.0,833.0,,,929.0,448.0,0.0,,,2215.0,,0.0,,4817.0,1573.0,,0.0
2024-02-19,,,,,,,,,,,,,,,,,,,,,,,,,,,,,,,,,,,,,,,,,,,,,,,,,,
2024-02-20,,,,,,,,,,,,,,,,,,,,,,,,,,,,,,,,,,,,,,,,,,,,,,,,,,
2024-02-21,,,,,,,,,,,,,,,,,,,,,,,,,,,,,,,,,,,,,,,,,,,,,,,,,,
2024-02-22,,,,,,,,,,,,,,,,,,,,,,,,,,,,,,,,,,,,,,,,,,,,,,,,,,
2024-02-23,,,,,,,,,,,,,,,,,,,,,,,,,,,,,,,,,,,,,,,,,,,,,,,,,,
2024-02-24,,,,,,,,,,,,,,,,,,,,,,,,,,,,,,,,,,,,,,,,,,,,,,,,,,
2024-02-25,492.0,7325.0,,2943.0,,,,,155.0,,,,,,28.0,2275.0,,,,352.0,824.0,,28441.0,1381.0,0.0,,0.0,948.0,,6607.0,129.0,0.0,1225.0,24376.0,1059.0,,,748.0,532.0,0.0,,,1999.0,,0.0,,5188.0,1496.0,,0.0
2024-02-26,,,,,,,,,,,,,,,,,,,,,,,,,,,,,,,,,,,,,,,,,,,,,,,,,,
2024-02-27,,,,,,,,,,,,,,,,,,,,,,,,,,,,,,,,,,,,,,,,,,,,,,,,,,
2024-02-28,,,,,,,,,,,,,,,,,,,,,,,,,,,,,,,,,,,,,,,,,,,,,,,,,,
2024-02-29,,,,,,,,,,,,,,,,,,,,,,,,,,,,,,,,,,,,,,,,,,,,,,,,,,
2024-03-01,,,,,,,,,,,,,,,,,,,,,,,,,,,,,,,,,,,,,,,,,,,,,,,,,,
2024-03-02,,,,,,,,,,,,,,,,,,,,,,,,,,,,,,,,,,,,,,,,,,,,,,,,,,
2024-03-03,416.0,4743.0,,1706.0,,,,,141.0,,,,,,56.0,1585.0,,,,308.0,1161.0,,15626.0,1240.0,0.0,,0.0,908.0,,4430.0,122.0,0.0,981.0,21421.0,2472.0,,,663.0,646.0,0.0,,,1383.0,,0.0,,4464.0,1200.0,,0.0
2024-03-04,,,,,,,,,,,,,,,,,,,,,,,,,,,,,,,,,,,,,,,,,,,,,,,,,,
2024-03-05,,,,,,,,,,,,,,,,,,,,,,,,,,,,,,,,,,,,,,,,,,,,,,,,,,
2024-03-06,,,,,,,,,,,,,,,,,,,,,,,,,,,,,,,,,,,,,,,,,,,,,,,,,,
2024-03-07,,,,,,,,,,,,,,,,,,,,,,,,,,,,,,,,,,,,,,,,,,,,,,,,,,
2024-03-08,,,,,,,,,,,,,,,,,,,,,,,,,,,,,,,,,,,,,,,,,,,,,,,,,,
2024-03-09,,,,,,,,,,,,,,,,,,,,,,,,,,,,,,,,,,,,,,,,,,,,,,,,,,
2024-03-10,399.0,4200.0,,1629.0,,,,,139.0,,,,,,64.0,1532.0,,,,268.0,1621.0,,14785.0,1660.0,0.0,,0.0,883.0,,4369.0,117.0,0.0,1114.0,21516.0,3286.0,,,610.0,692.0,0.0,,,1383.0,,0.0,,4177.0,1239.0,,0.0
2024-03-11,,,,,,,,,,,,,,,,,,,,,,,,,,,,,,,,,,,,,,,,,,,,,,,,,,
2024-03-12,,,,,,,,,,,,,,,,,,,,,,,,,,,,,,,,,,,,,,,,,,,,,,,,,,
2024-03-13,,,,,,,,,,,,,,,,,,,,,,,,,,,,,,,,,,,,,,,,,,,,,,,,,,
2024-03-14,,,,,,,,,,,,,,,,,,,,,,,,,,,,,,,,,,,,,,,,,,,,,,,,,,
2024-03-15,,,,,,,,,,,,,,,,,,,,,,,,,,,,,,,,,,,,,,,,,,,,,,,,,,
2024-03-16,,,,,,,,,,,,,,,,,,,,,,,,,,,,,,,,,,,,,,,,,,,,,,,,,,
2024-03-17,413.0,3843.0,,1692.0,,,,,144.0,,,,,,71.0,1502.0,,,,269.0,1025.0,,14245.0,1398.0,0.0,,0.0,941.0,,4379.0,111.0,0.0,1279.0,22724.0,1186.0,,,625.0,674.0,0.0,,,1383.0,,0.0,,4243.0,1300.0,,0.0
2024-03-18,,,,,,,,,,,,,,,,,,,,,,,,,,,,,,,,,,,,,,,,,,,,,,,,,,
2024-03-19,,,,,,,,,,,,,,,,,,,,,,,,,,,,,,,,,,,,,,,,,,,,,,,,,,
2024-03-20,,,,,,,,,,,,,,,,,,,,,,,,,,,,,,,,,,,,,,,,,,,,,,,,,,
2024-03-21,,,,,,,,,,,,,,,,,,,,,,,,,,,,,,,,,,,,,,,,,,,,,,,,,,
2024-03-22,,,,,,,,,,,,,,,,,,,,,,,,,,,,,,,,,,,,,,,,,,,,,,,,,,
2024-03-23,,,,,,,,,,,,,,,,,,,,,,,,,,,,,,,,,,,,,,,,,,,,,,,,,,
2024-03-24,359.0,3585.0,,1682.0,,,,,125.0,,,,,,45.0,1495.0,,,,259.0,772.0,,12675.0,1300.0,0.0,,0.0,836.0,,4004.0,117.0,0.0,1210.0,21951.0,1001.0,,,655.0,665.0,0.0,,,1321.0,,0.0,,3830.0,1282.0,,0.0
2024-03-25,,,,,,,,,,,,,,,,,,,,,,,,,,,,,,,,,,,,,,,,,,,,,,,,,,
2024-03-26,,,,,,,,,,,,,,,,,,,,,,,,,,,,,,,,,,,,,,,,,,,,,,,,,,
2024-03-27,,,,,,,,,,,,,,,,,,,,,,,,,,,,,,,,,,,,,,,,,,,,,,,,,,
2024-03-28,,,,,,,,,,,,,,,,,,,,,,,,,,,,,,,,,,,,,,,,,,,,,,,,,,
2024-03-29,,,,,,,,,,,,,,,,,,,,,,,,,,,,,,,,,,,,,,,,,,,,,,,,,,
2024-03-30,,,,,,,,,,,,,,,,,,,,,,,,,,,,,,,,,,,,,,,,,,,,,,,,,,
2024-03-31,359.0,3365.0,,1534.0,,,,,132.0,,,,,,26.0,1445.0,,,,248.0,646.0,,10727.0,1265.0,0.0,,0.0,758.0,,3770.0,99.0,0.0,1212.0,21868.0,961.0,,,621.0,672.0,0.0,,,1267.0,,0.0,,4375.0,1201.0,,0.0
2024-04-01,,,,,,,,,,,,,,,,,,,,,,,,,,,,,,,,,,,,,,,,,,,,,,,,,,
2024-04-02,,,,,,,,,,,,,,,,,,,,,,,,,,,,,,,,,,,,,,,,,,,,,,,,,,
2024-04-03,,,,,,,,,,,,,,,,,,,,,,,,,,,,,,,,,,,,,,,,,,,,,,,,,,
2024-04-04,,,,,,,,,,,,,,,,,,,,,,,,,,,,,,,,,,,,,,,,,,,,,,,,,,
2024-04-05,,,,,,,,,,,,,,,,,,,,,,,,,,,,,,,,,,,,,,,,,,,,,,,,,,
2024-04-06,,,,,,,,,,,,,,,,,,,,,,,,,,,,,,,,,,,,,,,,,,,,,,,,,,
2024-04-07,404.0,3755.0,,1738.0,,,,,139.0,,,,,,18.0,1565.0,,,,242.0,827.0,,12190.0,1312.0,0.0,,0.0,819.0,,4132.0,107.0,0.0,1210.0,23106.0,959.0,,,635.0,560.0,0.0,,,1413.0,,0.0,,3792.0,1305.0,,0.0
2024-04-08,,,,,,,,,,,,,,,,,,,,,,,,,,,,,,,,,,,,,,,,,,,,,,,,,,
2024-04-09,,,,,,,,,,,,,,,,,,,,,,,,,,,,,,,,,,,,,,,,,,,,,,,,,,
2024-04-10,,,,,,,,,,,,,,,,,,,,,,,,,,,,,,,,,,,,,,,,,,,,,,,,,,
2024-04-11,,,,,,,,,,,,,,,,,,,,,,,,,,,,,,,,,,,,,,,,,,,,,,,,,,
2024-04-12,,,,,,,,,,,,,,,,,,,,,,,,,,,,,,,,,,,,,,,,,,,,,,,,,,
2024-04-13,,,,,,,,,,,,,,,,,,,,,,,,,,,,,,,,,,,,,,,,,,,,,,,,,,
2024-04-14,353.0,3216.0,,1393.0,,,,,140.0,,,,,,52.0,1386.0,,,,235.0,547.0,,9931.0,1176.0,0.0,,0.0,780.0,,3593.0,134.0,0.0,1169.0,22183.0,968.0,,,616.0,688.0,0.0,,,1377.0,,0.0,,3558.0,1151.0,,0.0
2024-04-15,,,,,,,,,,,,,,,,,,,,,,,,,,,,,,,,,,,,,,,,,,,,,,,,,,
2024-04-16,,,,,,,,,,,,,,,,,,,,,,,,,,,,,,,,,,,,,,,,,,,,,,,,,,
2024-04-17,,,,,,,,,,,,,,,,,,,,,,,,,,,,,,,,,,,,,,,,,,,,,,,,,,
2024-04-18,,,,,,,,,,,,,,,,,,,,,,,,,,,,,,,,,,,,,,,,,,,,,,,,,,
2024-04-19,,,,,,,,,,,,,,,,,,,,,,,,,,,,,,,,,,,,,,,,,,,,,,,,,,
2024-04-20,,,,,,,,,,,,,,,,,,,,,,,,,,,,,,,,,,,,,,,,,,,,,,,,,,
2024-04-21,347.0,3125.0,,1333.0,,,,,136.0,,,,,,27.0,1438.0,,,,244.0,671.0,,9550.0,1199.0,0.0,,0.0,748.0,,3683.0,145.0,0.0,1194.0,23157.0,957.0,,,615.0,613.0,0.0,,,1386.0,,0.0,,3706.0,1182.0,,0.0
2024-04-22,,,,,,,,,,,,,,,,,,,,,,,,,,,,,,,,,,,,,,,,,,,,,,,,,,
2024-04-23,,,,,,,,,,,,,,,,,,,,,,,,,,,,,,,,,,,,,,,,,,,,,,,,,,
2024-04-24,,,,,,,,,,,,,,,,,,,,,,,,,,,,,,,,,,,,,,,,,,,,,,,,,,
2024-04-25,,,,,,,,,,,,,,,,,,,,,,,,,,,,,,,,,,,,,,,,,,,,,,,,,,
2024-04-26,,,,,,,,,,,,,,,,,,,,,,,,,,,,,,,,,,,,,,,,,,,,,,,,,,
2024-04-27,,,,,,,,,,,,,,,,,,,,,,,,,,,,,,,,,,,,,,,,,,,,,,,,,,
2024-04-28,354.0,2769.0,,1253.0,,,,,153.0,,,,,,25.0,1335.0,,,,220.0,689.0,,8551.0,1129.0,0.0,,0.0,727.0,,3355.0,134.0,0.0,1154.0,22323.0,980.0,,,624.0,595.0,0.0,,,1222.0,,0.0,,5384.0,1118.0,,0.0
2024-04-29,,,,,,,,,,,,,,,,,,,,,,,,,,,,,,,,,,,,,,,,,,,,,,,,,,
2024-04-30,,,,,,,,,,,,,,,,,,,,,,,,,,,,,,,,,,,,,,,,,,,,,,,,,,
2024-05-01,,,,,,,,,,,,,,,,,,,,,,,,,,,,,,,,,,,,,,,,,,,,,,,,,,
2024-05-02,,,,,,,,,,,,,,,,,,,,,,,,,,,,,,,,,,,,,,,,,,,,,,,,,,
2024-05-03,,,,,,,,,,,,,,,,,,,,,,,,,,,,,,,,,,,,,,,,,,,,,,,,,,
2024-05-04,,,,,,,,,,,,,,,,,,,,,,,,,,,,,,,,,,,,,,,,,,,,,,,,,,
2024-05-05,417.0,4281.0,,1922.0,,,,,160.0,,,,,,27.0,2064.0,,,,245.0,700.0,,15210.0,1304.0,0.0,,0.0,839.0,,4706.0,141.0,0.0,1477.0,24541.0,913.0,,,737.0,496.0,0.0,,,1608.0,,0.0,,4851.0,1453.0,,0.0
2024-05-06,,,,,,,,,,,,,,,,,,,,,,,,,,,,,,,,,,,,,,,,,,,,,,,,,,
2024-05-07,,,,,,,,,,,,,,,,,,,,,,,,,,,,,,,,,,,,,,,,,,,,,,,,,,
2024-05-08,,,,,,,,,,,,,,,,,,,,,,,,,,,,,,,,,,,,,,,,,,,,,,,,,,
2024-05-09,,,,,,,,,,,,,,,,,,,,,,,,,,,,,,,,,,,,,,,,,,,,,,,,,,
2024-05-10,,,,,,,,,,,,,,,,,,,,,,,,,,,,,,,,,,,,,,,,,,,,,,,,,,
2024-05-11,,,,,,,,,,,,,,,,,,,,,,,,,,,,,,,,,,,,,,,,,,,,,,,,,,
2024-05-12,371.0,2633.0,,1214.0,,,,,140.0,,,,,,34.0,1337.0,,,,226.0,522.0,,9047.0,1054.0,0.0,,0.0,727.0,,3180.0,140.0,0.0,1196.0,22349.0,910.0,,,602.0,572.0,0.0,,,1184.0,,0.0,,3814.0,1112.0,,0.0
2024-05-13,,,,,,,,,,,,,,,,,,,,,,,,,,,,,,,,,,,,,,,,,,,,,,,,,,
2024-05-14,,,,,,,,,,,,,,,,,,,,,,,,,,,,,,,,,,,,,,,,,,,,,,,,,,
2024-05-15,,,,,,,,,,,,,,,,,,,,,,,,,,,,,,,,,,,,,,,,,,,,,,,,,,
2024-05-16,,,,,,,,,,,,,,,,,,,,,,,,,,,,,,,,,,,,,,,,,,,,,,,,,,
2024-05-17,,,,,,,,,,,,,,,,,,,,,,,,,,,,,,,,,,,,,,,,,,,,,,,,,,
2024-05-18,,,,,,,,,,,,,,,,,,,,,,,,,,,,,,,,,,,,,,,,,,,,,,,,,,
2024-05-19,367.0,2866.0,,1372.0,,,,,147.0,,,,,,61.0,1552.0,,,,236.0,487.0,,10565.0,981.0,0.0,,0.0,751.0,,3691.0,139.0,0.0,1220.0,23990.0,856.0,,,583.0,406.0,0.0,,,1338.0,,0.0,,3933.0,1142.0,,0.0
2024-05-20,,,,,,,,,,,,,,,,,,,,,,,,,,,,,,,,,,,,,,,,,,,,,,,,,,
2024-05-21,,,,,,,,,,,,,,,,,,,,,,,,,,,,,,,,,,,,,,,,,,,,,,,,,,
2024-05-22,,,,,,,,,,,,,,,,,,,,,,,,,,,,,,,,,,,,,,,,,,,,,,,,,,
2024-05-23,,,,,,,,,,,,,,,,,,,,,,,,,,,,,,,,,,,,,,,,,,,,,,,,,,
2024-05-24,,,,,,,,,,,,,,,,,,,,,,,,,,,,,,,,,,,,,,,,,,,,,,,,,,
2024-05-25,,,,,,,,,,,,,,,,,,,,,,,,,,,,,,,,,,,,,,,,,,,,,,,,,,
2024-05-26,379.0,2713.0,,1382.0,,,,,150.0,,,,,,9.0,1503.0,,,,234.0,555.0,,9987.0,1007.0,0.0,,0.0,796.0,,4018.0,136.0,0.0,1504.0,24288.0,914.0,,,542.0,498.0,0.0,,,1352.0,,0.0,,3897.0,1172.0,,0.0
2024-05-27,,,,,,,,,,,,,,,,,,,,,,,,,,,,,,,,,,,,,,,,,,,,,,,,,,
2024-05-28,,,,,,,,,,,,,,,,,,,,,,,,,,,,,,,,,,,,,,,,,,,,,,,,,,
2024-05-29,,,,,,,,,,,,,,,,,,,,,,,,,,,,,,,,,,,,,,,,,,,,,,,,,,
2024-05-30,,,,,,,,,,,,,,,,,,,,,,,,,,,,,,,,,,,,,,,,,,,,,,,,,,
2024-05-31,,,,,,,,,,,,,,,,,,,,,,,,,,,,,,,,,,,,,,,,,,,,,,,,,,
2024-06-01,,,,,,,,,,,,,,,,,,,,,,,,,,,,,,,,,,,,,,,,,,,,,,,,,,
2024-06-02,355.0,3010.0,,1528.0,,,,,140.0,,,,,,53.0,1471.0,,,,271.0,525.0,,10313.0,1190.0,0.0,,0.0,814.0,,4091.0,139.0,0.0,1891.0,22846.0,786.0,,,502.0,561.0,1800.0,,,1570.0,,0.0,,4130.0,1239.0,,0.0
2024-06-03,,,,,,,,,,,,,,,,,,,,,,,,,,,,,,,,,,,,,,,,,,,,,,,,,,
2024-06-04,,,,,,,,,,,,,,,,,,,,,,,,,,,,,,,,,,,,,,,,,,,,,,,,,,
2024-06-05,,,,,,,,,,,,,,,,,,,,,,,,,,,,,,,,,,,,,,,,,,,,,,,,,,
2024-06-06,,,,,,,,,,,,,,,,,,,,,,,,,,,,,,,,,,,,,,,,,,,,,,,,,,
2024-06-07,,,,,,,,,,,,,,,,,,,,,,,,,,,,,,,,,,,,,,,,,,,,,,,,,,
2024-06-08,,,,,,,,,,,,,,,,,,,,,,,,,,,,,,,,,,,,,,,,,,,,,,,,,,
2024-06-09,327.0,2921.0,,1475.0,,,,,153.0,,,,,,8.0,1468.0,,,,237.0,518.0,,11056.0,1093.0,0.0,,0.0,1007.0,,4217.0,157.0,0.0,2122.0,24123.0,836.0,,,608.0,563.0,3147.0,,,1374.0,,0.0,,4064.0,1301.0,,0.0
2024-06-10,,,,,,,,,,,,,,,,,,,,,,,,,,,,,,,,,,,,,,,,,,,,,,,,,,
2024-06-11,,,,,,,,,,,,,,,,,,,,,,,,,,,,,,,,,,,,,,,,,,,,,,,,,,
2024-06-12,,,,,,,,,,,,,,,,,,,,,,,,,,,,,,,,,,,,,,,,,,,,,,,,,,
2024-06-13,,,,,,,,,,,,,,,,,,,,,,,,,,,,,,,,,,,,,,,,,,,,,,,,,,
2024-06-14,,,,,,,,,,,,,,,,,,,,,,,,,,,,,,,,,,,,,,,,,,,,,,,,,,
2024-06-15,,,,,,,,,,,,,,,,,,,,,,,,,,,,,,,,,,,,,,,,,,,,,,,,,,
2024-06-16,345.0,2772.0,,1479.0,,,,,143.0,,,,,,37.0,1526.0,,,,232.0,613.0,,11080.0,997.0,0.0,,0.0,1074.0,,4237.0,579.0,0.0,3391.0,25580.0,907.0,,,559.0,558.0,1927.0,,,1338.0,,0.0,,3828.0,1342.0,,0.0
2024-06-17,,,,,,,,,,,,,,,,,,,,,,,,,,,,,,,,,,,,,,,,,,,,,,,,,,
2024-06-18,,,,,,,,,,,,,,,,,,,,,,,,,,,,,,,,,,,,,,,,,,,,,,,,,,
2024-06-19,,,,,,,,,,,,,,,,,,,,,,,,,,,,,,,,,,,,,,,,,,,,,,,,,,
2024-06-20,,,,,,,,,,,,,,,,,,,,,,,,,,,,,,,,,,,,,,,,,,,,,,,,,,
2024-06-21,,,,,,,,,,,,,,,,,,,,,,,,,,,,,,,,,,,,,,,,,,,,,,,,,,
2024-06-22,,,,,,,,,,,,,,,,,,,,,,,,,,,,,,,,,,,,,,,,,,,,,,,,,,
2024-06-23,330.0,2933.0,,1505.0,,,,,136.0,,,,,,26.0,1447.0,,,,295.0,820.0,,11133.0,1016.0,0.0,,0.0,949.0,,4663.0,680.0,0.0,10397.0,25731.0,912.0,,,539.0,546.0,1215.0,,,1284.0,,0.0,,3772.0,2109.0,,0.0
2024-06-24,,,,,,,,,,,,,,,,,,,,,,,,,,,,,,,,,,,,,,,,,,,,,,,,,,
2024-06-25,,,,,,,,,,,,,,,,,,,,,,,,,,,,,,,,,,,,,,,,,,,,,,,,,,
2024-06-26,,,,,,,,,,,,,,,,,,,,,,,,,,,,,,,,,,,,,,,,,,,,,,,,,,
2024-06-27,,,,,,,,,,,,,,,,,,,,,,,,,,,,,,,,,,,,,,,,,,,,,,,,,,
2024-06-28,,,,,,,,,,,,,,,,,,,,,,,,,,,,,,,,,,,,,,,,,,,,,,,,,,
2024-06-29,,,,,,,,,,,,,,,,,,,,,,,,,,,,,,,,,,,,,,,,,,,,,,,,,,
2024-06-30,325.0,3044.0,,1614.0,,,,,142.0,,,,,,35.0,1550.0,,,,223.0,838.0,,11495.0,1041.0,0.0,,0.0,894.0,,4804.0,1051.0,0.0,11887.0,26344.0,804.0,,,545.0,492.0,1064.0,,,1330.0,,0.0,,3714.0,2105.0,,0.0
2024-07-01,,,,,,,,,,,,,,,,,,,,,,,,,,,,,,,,,,,,,,,,,,,,,,,,,,
2024-07-02,,,,,,,,,,,,,,,,,,,,,,,,,,,,,,,,,,,,,,,,,,,,,,,,,,
2024-07-03,,,,,,,,,,,,,,,,,,,,,,,,,,,,,,,,,,,,,,,,,,,,,,,,,,
2024-07-04,,,,,,,,,,,,,,,,,,,,,,,,,,,,,,,,,,,,,,,,,,,,,,,,,,
2024-07-05,,,,,,,,,,,,,,,,,,,,,,,,,,,,,,,,,,,,,,,,,,,,,,,,,,
2024-07-06,,,,,,,,,,,,,,,,,,,,,,,,,,,,,,,,,,,,,,,,,,,,,,,,,,
2024-07-07,375.0,3434.0,,1995.0,,,,,146.0,,,,,,26.0,1747.0,,,,259.0,911.0,,14505.0,1083.0,0.0,,0.0,898.0,,6525.0,1994.0,3792.0,11690.0,36400.0,866.0,,,556.0,498.0,1083.0,,,1576.0,,0.0,,4145.0,1315.0,,0.0
2024-07-08,,,,,,,,,,,,,,,,,,,,,,,,,,,,,,,,,,,,,,,,,,,,,,,,,,
2024-07-09,,,,,,,,,,,,,,,,,,,,,,,,,,,,,,,,,,,,,,,,,,,,,,,,,,
2024-07-10,,,,,,,,,,,,,,,,,,,,,,,,,,,,,,,,,,,,,,,,,,,,,,,,,,
2024-07-11,,,,,,,,,,,,,,,,,,,,,,,,,,,,,,,,,,,,,,,,,,,,,,,,,,
2024-07-12,,,,,,,,,,,,,,,,,,,,,,,,,,,,,,,,,,,,,,,,,,,,,,,,,,
2024-07-13,,,,,,,,,,,,,,,,,,,,,,,,,,,,,,,,,,,,,,,,,,,,,,,,,,
2024-07-14,361.0,3345.0,,2527.0,,,,,145.0,,,,,,27.0,1834.0,,,,252.0,839.0,,15722.0,1040.0,0.0,,0.0,1278.0,,7678.0,7020.0,4199.0,8366.0,43596.0,912.0,,,600.0,533.0,1123.0,,,1595.0,,0.0,,4396.0,1218.0,,0.0
2024-07-15,,,,,,,,,,,,,,,,,,,,,,,,,,,,,,,,,,,,,,,,,,,,,,,,,,
2024-07-16,,,,,,,,,,,,,,,,,,,,,,,,,,,,,,,,,,,,,,,,,,,,,,,,,,
2024-07-17,,,,,,,,,,,,,,,,,,,,,,,,,,,,,,,,,,,,,,,,,,,,,,,,,,
2024-07-18,,,,,,,,,,,,,,,,,,,,,,,,,,,,,,,,,,,,,,,,,,,,,,,,,,
2024-07-19,,,,,,,,,,,,,,,,,,,,,,,,,,,,,,,,,,,,,,,,,,,,,,,,,,
2024-07-20,,,,,,,,,,,,,,,,,,,,,,,,,,,,,,,,,,,,,,,,,,,,,,,,,,
2024-07-21,404.0,3335.0,,5331.0,,,,,153.0,,,,,,41.0,2031.0,,,,256.0,861.0,,16179.0,1040.0,0.0,,0.0,1024.0,,9342.0,8213.0,1750.0,5699.0,47707.0,938.0,,,612.0,519.0,823.0,,,1651.0,,0.0,,4374.0,1169.0,,0.0
2024-07-22,,,,,,,,,,,,,,,,,,,,,,,,,,,,,,,,,,,,,,,,,,,,,,,,,,
2024-07-23,,,,,,,,,,,,,,,,,,,,,,,,,,,,,,,,,,,,,,,,,,,,,,,,,,
2024-07-24,,,,,,,,,,,,,,,,,,,,,,,,,,,,,,,,,,,,,,,,,,,,,,,,,,
2024-07-25,,,,,,,,,,,,,,,,,,,,,,,,,,,,,,,,,,,,,,,,,,,,,,,,,,
2024-07-26,,,,,,,,,,,,,,,,,,,,,,,,,,,,,,,,,,,,,,,,,,,,,,,,,,
2024-07-27,,,,,,,,,,,,,,,,,,,,,,,,,,,,,,,,,,,,,,,,,,,,,,,,,,
2024-07-28,394.0,3336.0,,21797.0,,,,,138.0,,,,,,35.0,2055.0,,,,245.0,986.0,,16516.0,1017.0,0.0,,0.0,970.0,,7360.0,4914.0,1172.0,3892.0,49261.0,939.0,,,584.0,530.0,691.0,,,1644.0,,0.0,,4246.0,1135.0,,0.0
2024-07-29,,,,,,,,,,,,,,,,,,,,,,,,,,,,,,,,,,,,,,,,,,,,,,,,,,
2024-07-30,,,,,,,,,,,,,,,,,,,,,,,,,,,,,,,,,,,,,,,,,,,,,,,,,,
2024-07-31,,,,,,,,,,,,,,,,,,,,,,,,,,,,,,,,,,,,,,,,,,,,,,,,,,
2024-08-01,,,,,,,,,,,,,,,,,,,,,,,,,,,,,,,,,,,,,,,,,,,,,,,,,,
2024-08-02,,,,,,,,,,,,,,,,,,,,,,,,,,,,,,,,,,,,,,,,,,,,,,,,,,
2024-08-03,,,,,,,,,,,,,,,,,,,,,,,,,,,,,,,,,,,,,,,,,,,,,,,,,,
2024-08-04,406.0,3305.0,,15004.0,,,,,146.0,,,,,,62.0,2153.0,,,,261.0,719.0,,16722.0,1020.0,0.0,,0.0,1016.0,,6865.0,3052.0,1017.0,2756.0,50184.0,883.0,,,577.0,563.0,615.0,,,1667.0,,0.0,,4870.0,1132.0,,0.0
2024-08-05,,,,,,,,,,,,,,,,,,,,,,,,,,,,,,,,,,,,,,,,,,,,,,,,,,
2024-08-06,,,,,,,,,,,,,,,,,,,,,,,,,,,,,,,,,,,,,,,,,,,,,,,,,,
2024-08-07,,,,,,,,,,,,,,,,,,,,,,,,,,,,,,,,,,,,,,,,,,,,,,,,,,
2024-08-08,,,,,,,,,,,,,,,,,,,,,,,,,,,,,,,,,,,,,,,,,,,,,,,,,,
2024-08-09,,,,,,,,,,,,,,,,,,,,,,,,,,,,,,,,,,,,,,,,,,,,,,,,,,
2024-08-10,,,,,,,,,,,,,,,,,,,,,,,,,,,,,,,,,,,,,,,,,,,,,,,,,,
2024-08-11,437.0,3202.0,,11284.0,,,,,133.0,,,,,,69.0,2216.0,,,,255.0,665.0,,18132.0,1022.0,0.0,,0.0,1069.0,,6823.0,2712.0,927.0,2365.0,49931.0,885.0,,,607.0,543.0,468.0,,,1920.0,,0.0,,4565.0,1101.0,,0.0
2024-08-12,,,,,,,,,,,,,,,,,,,,,,,,,,,,,,,,,,,,,,,,,,,,,,,,,,
2024-08-13,,,,,,,,,,,,,,,,,,,,,,,,,,,,,,,,,,,,,,,,,,,,,,,,,,
2024-08-14,,,,,,,,,,,,,,,,,,,,,,,,,,,,,,,,,,,,,,,,,,,,,,,,,,
2024-08-15,,,,,,,,,,,,,,,,,,,,,,,,,,,,,,,,,,,,,,,,,,,,,,,,,,
2024-08-16,,,,,,,,,,,,,,,,,,,,,,,,,,,,,,,,,,,,,,,,,,,,,,,,,,
2024-08-17,,,,,,,,,,,,,,,,,,,,,,,,,,,,,,,,,,,,,,,,,,,,,,,,,,
2024-08-18,470.0,3454.0,,9324.0,,,,,146.0,,,,,,44.0,2181.0,,,,243.0,676.0,,17829.0,1060.0,0.0,,0.0,1381.0,,6647.0,1870.0,949.0,2280.0,49463.0,915.0,,,611.0,535.0,421.0,,,1843.0,,0.0,,4673.0,1128.0,,0.0
2024-08-19,,,,,,,,,,,,,,,,,,,,,,,,,,,,,,,,,,,,,,,,,,,,,,,,,,
2024-08-20,,,,,,,,,,,,,,,,,,,,,,,,,,,,,,,,,,,,,,,,,,,,,,,,,,
2024-08-21,,,,,,,,,,,,,,,,,,,,,,,,,,,,,,,,,,,,,,,,,,,,,,,,,,
2024-08-22,,,,,,,,,,,,,,,,,,,,,,,,,,,,,,,,,,,,,,,,,,,,,,,,,,
2024-08-23,,,,,,,,,,,,,,,,,,,,,,,,,,,,,,,,,,,,,,,,,,,,,,,,,,
2024-08-24,,,,,,,,,,,,,,,,,,,,,,,,,,,,,,,,,,,,,,,,,,,,,,,,,,
2024-08-25,390.0,3196.0,,7559.0,,,,,153.0,,,,,,99.0,2152.0,,,,254.0,720.0,,17539.0,1067.0,0.0,,0.0,1142.0,,6649.0,1357.0,1616.0,2359.0,51798.0,908.0,,,611.0,530.0,370.0,,,1883.0,,0.0,,6736.0,1140.0,,0.0
2024-08-26,,,,,,,,,,,,,,,,,,,,,,,,,,,,,,,,,,,,,,,,,,,,,,,,,,
2024-08-27,,,,,,,,,,,,,,,,,,,,,,,,,,,,,,,,,,,,,,,,,,,,,,,,,,
2024-08-28,,,,,,,,,,,,,,,,,,,,,,,,,,,,,,,,,,,,,,,,,,,,,,,,,,
2024-08-29,,,,,,,,,,,,,,,,,,,,,,,,,,,,,,,,,,,,,,,,,,,,,,,,,,
2024-08-30,,,,,,,,,,,,,,,,,,,,,,,,,,,,,,,,,,,,,,,,,,,,,,,,,,
2024-08-31,,,,,,,,,,,,,,,,,,,,,,,,,,,,,,,,,,,,,,,,,,,,,,,,,,
2024-09-01,421.0,2687.0,,5653.0,,,,,149.0,,,,,,71.0,1901.0,,,,252.0,597.0,,16053.0,1010.0,0.0,,0.0,1022.0,,5766.0,1266.0,2615.0,2337.0,52752.0,950.0,,,581.0,536.0,321.0,,,1837.0,,0.0,,8993.0,1067.0,,0.0
2024-09-02,,,,,,,,,,,,,,,,,,,,,,,,,,,,,,,,,,,,,,,,,,,,,,,,,,
2024-09-03,,,,,,,,,,,,,,,,,,,,,,,,,,,,,,,,,,,,,,,,,,,,,,,,,,
2024-09-04,,,,,,,,,,,,,,,,,,,,,,,,,,,,,,,,,,,,,,,,,,,,,,,,,,
2024-09-05,,,,,,,,,,,,,,,,,,,,,,,,,,,,,,,,,,,,,,,,,,,,,,,,,,
2024-09-06,,,,,,,,,,,,,,,,,,,,,,,,,,,,,,,,,,,,,,,,,,,,,,,,,,
2024-09-07,,,,,,,,,,,,,,,,,,,,,,,,,,,,,,,,,,,,,,,,,,,,,,,,,,
2024-09-08,335.0,2159.0,,3228.0,,,,,143.0,,,,,,9.0,1341.0,,,,252.0,481.0,,11167.0,709.0,0.0,,0.0,833.0,,4074.0,962.0,1266.0,1573.0,51758.0,941.0,,,534.0,550.0,376.0,,,1370.0,,0.0,,6590.0,818.0,,0.0
2024-09-09,,,,,,,,,,,,,,,,,,,,,,,,,,,,,,,,,,,,,,,,,,,,,,,,,,
2024-09-10,,,,,,,,,,,,,,,,,,,,,,,,,,,,,,,,,,,,,,,,,,,,,,,,,,
2024-09-11,,,,,,,,,,,,,,,,,,,,,,,,,,,,,,,,,,,,,,,,,,,,,,,,,,
2024-09-12,,,,,,,,,,,,,,,,,,,,,,,,,,,,,,,,,,,,,,,,,,,,,,,,,,
2024-09-13,,,,,,,,,,,,,,,,,,,,,,,,,,,,,,,,,,,,,,,,,,,,,,,,,,
2024-09-14,,,,,,,,,,,,,,,,,,,,,,,,,,,,,,,,,,,,,,,,,,,,,,,,,,
2024-09-15,305.0,2257.0,,2691.0,,,,,158.0,,,,,,43.0,1352.0,,,,244.0,502.0,,10176.0,745.0,0.0,,0.0,772.0,,3792.0,794.0,1110.0,1560.0,54540.0,1060.0,,,576.0,582.0,411.0,,,1333.0,,0.0,,5071.0,770.0,,0.0
2024-09-16,,,,,,,,,,,,,,,,,,,,,,,,,,,,,,,,,,,,,,,,,,,,,,,,,,
2024-09-17,,,,,,,,,,,,,,,,,,,,,,,,,,,,,,,,,,,,,,,,,,,,,,,,,,
2024-09-18,,,,,,,,,,,,,,,,,,,,,,,,,,,,,,,,,,,,,,,,,,,,,,,,,,
2024-09-19,,,,,,,,,,,,,,,,,,,,,,,,,,,,,,,,,,,,,,,,,,,,,,,,,,
2024-09-20,,,,,,,,,,,,,,,,,,,,,,,,,,,,,,,,,,,,,,,,,,,,,,,,,,
2024-09-21,,,,,,,,,,,,,,,,,,,,,,,,,,,,,,,,,,,,,,,,,,,,,,,,,,
2024-09-22,332.0,2678.0,,3340.0,,,,,164.0,,,,,,35.0,1779.0,,,,236.0,581.0,,12851.0,825.0,0.0,,0.0,789.0,,4637.0,908.0,1111.0,1647.0,29082.0,1177.0,,,678.0,502.0,569.0,,,1709.0,,0.0,,5384.0,909.0,,0.0
2024-09-23,,,,,,,,,,,,,,,,,,,,,,,,,,,,,,,,,,,,,,,,,,,,,,,,,,
2024-09-24,,,,,,,,,,,,,,,,,,,,,,,,,,,,,,,,,,,,,,,,,,,,,,,,,,
2024-09-25,,,,,,,,,,,,,,,,,,,,,,,,,,,,,,,,,,,,,,,,,,,,,,,,,,
2024-09-26,,,,,,,,,,,,,,,,,,,,,,,,,,,,,,,,,,,,,,,,,,,,,,,,,,
2024-09-27,,,,,,,,,,,,,,,,,,,,,,,,,,,,,,,,,,,,,,,,,,,,,,,,,,
2024-09-28,,,,,,,,,,,,,,,,,,,,,,,,,,,,,,,,,,,,,,,,,,,,,,,,,,
2024-09-29,294.0,1994.0,,1937.0,,,,,137.0,,,,,,34.0,1338.0,,,,246.0,455.0,,9989.0,730.0,0.0,,0.0,683.0,,3734.0,657.0,843.0,1408.0,21478.0,1148.0,,,580.0,557.0,611.0,,,1314.0,,0.0,,4767.0,742.0,,0.0
2024-09-30,,,,,,,,,,,,,,,,,,,,,,,,,,,,,,,,,,,,,,,,,,,,,,,,,,
2024-10-01,,,,,,,,,,,,,,,,,,,,,,,,,,,,,,,,,,,,,,,,,,,,,,,,,,
2024-10-02,,,,,,,,,,,,,,,,,,,,,,,,,,,,,,,,,,,,,,,,,,,,,,,,,,
2024-10-03,,,,,,,,,,,,,,,,,,,,,,,,,,,,,,,,,,,,,,,,,,,,,,,,,,
2024-10-04,,,,,,,,,,,,,,,,,,,,,,,,,,,,,,,,,,,,,,,,,,,,,,,,,,
2024-10-05,,,,,,,,,,,,,,,,,,,,,,,,,,,,,,,,,,,,,,,,,,,,,,,,,,
2024-10-06,378.0,3726.0,,3540.0,,,,,131.0,,,,,,0.0,2264.0,,,,237.0,439.0,,16267.0,980.0,590.0,,0.0,732.0,,5564.0,1044.0,1053.0,2546.0,22904.0,946.0,,,737.0,369.0,775.0,,,1806.0,,0.0,,4756.0,1035.0,,0.0
2024-10-07,,,,,,,,,,,,,,,,,,,,,,,,,,,,,,,,,,,,,,,,,,,,,,,,,,
2024-10-08,,,,,,,,,,,,,,,,,,,,,,,,,,,,,,,,,,,,,,,,,,,,,,,,,,
2024-10-09,,,,,,,,,,,,,,,,,,,,,,,,,,,,,,,,,,,,,,,,,,,,,,,,,,
2024-10-10,,,,,,,,,,,,,,,,,,,,,,,,,,,,,,,,,,,,,,,,,,,,,,,,,,
2024-10-11,,,,,,,,,,,,,,,,,,,,,,,,,,,,,,,,,,,,,,,,,,,,,,,,,,
2024-10-12,,,,,,,,,,,,,,,,,,,,,,,,,,,,,,,,,,,,,,,,,,,,,,,,,,
2024-10-13,322.0,2309.0,,1810.0,,,,,122.0,,,,,,35.0,1633.0,,,,215.0,413.0,,10440.0,807.0,1289.0,,0.0,704.0,,4250.0,692.0,691.0,1757.0,20112.0,992.0,,,610.0,522.0,363.0,,,1366.0,,0.0,,4572.0,867.0,,0.0
2024-10-14,,,,,,,,,,,,,,,,,,,,,,,,,,,,,,,,,,,,,,,,,,,,,,,,,,
2024-10-15,,,,,,,,,,,,,,,,,,,,,,,,,,,,,,,,,,,,,,,,,,,,,,,,,,
2024-10-16,,,,,,,,,,,,,,,,,,,,,,,,,,,,,,,,,,,,,,,,,,,,,,,,,,
2024-10-17,,,,,,,,,,,,,,,,,,,,,,,,,,,,,,,,,,,,,,,,,,,,,,,,,,
2024-10-18,,,,,,,,,,,,,,,,,,,,,,,,,,,,,,,,,,,,,,,,,,,,,,,,,,
2024-10-19,,,,,,,,,,,,,,,,,,,,,,,,,,,,,,,,,,,,,,,,,,,,,,,,,,
2024-10-20,363.0,2646.0,,1854.0,,,,,138.0,,,,,,10.0,1493.0,,,,238.0,471.0,,11390.0,870.0,884.0,,0.0,769.0,,4323.0,730.0,649.0,1901.0,20702.0,955.0,,,546.0,585.0,405.0,,,1361.0,,0.0,,4736.0,895.0,,0.0
2024-10-21,,,,,,,,,,,,,,,,,,,,,,,,,,,,,,,,,,,,,,,,,,,,,,,,,,
2024-10-22,,,,,,,,,,,,,,,,,,,,,,,,,,,,,,,,,,,,,,,,,,,,,,,,,,
2024-10-23,,,,,,,,,,,,,,,,,,,,,,,,,,,,,,,,,,,,,,,,,,,,,,,,,,
2024-10-24,,,,,,,,,,,,,,,,,,,,,,,,,,,,,,,,,,,,,,,,,,,,,,,,,,
2024-10-25,,,,,,,,,,,,,,,,,,,,,,,,,,,,,,,,,,,,,,,,,,,,,,,,,,
2024-10-26,,,,,,,,,,,,,,,,,,,,,,,,,,,,,,,,,,,,,,,,,,,,,,,,,,
2024-10-27,335.0,2512.0,,1703.0,,,,,126.0,,,,,,46.0,1398.0,,,,245.0,421.0,,11259.0,808.0,625.0,,0.0,718.0,,4168.0,633.0,590.0,1702.0,19290.0,984.0,,,549.0,512.0,334.0,,,1330.0,,0.0,,5575.0,877.0,,0.0
2024-10-28,,,,,,,,,,,,,,,,,,,,,,,,,,,,,,,,,,,,,,,,,,,,,,,,,,
2024-10-29,,,,,,,,,,,,,,,,,,,,,,,,,,,,,,,,,,,,,,,,,,,,,,,,,,
2024-10-30,,,,,,,,,,,,,,,,,,,,,,,,,,,,,,,,,,,,,,,,,,,,,,,,,,
2024-10-31,,,,,,,,,,,,,,,,,,,,,,,,,,,,,,,,,,,,,,,,,,,,,,,,,,
2024-11-01,,,,,,,,,,,,,,,,,,,,,,,,,,,,,,,,,,,,,,,,,,,,,,,,,,
2024-11-02,,,,,,,,,,,,,,,,,,,,,,,,,,,,,,,,,,,,,,,,,,,,,,,,,,
2024-11-03,347.0,2542.0,,1683.0,,,,,115.0,,,,,,26.0,1365.0,,,,240.0,463.0,,12385.0,912.0,471.0,,2645.0,771.0,,4084.0,576.0,558.0,1605.0,19378.0,950.0,,,500.0,529.0,453.0,,,1363.0,,0.0,,6482.0,894.0,,0.0
2024-11-04,,,,,,,,,,,,,,,,,,,,,,,,,,,,,,,,,,,,,,,,,,,,,,,,,,
2024-11-05,,,,,,,,,,,,,,,,,,,,,,,,,,,,,,,,,,,,,,,,,,,,,,,,,,
2024-11-06,,,,,,,,,,,,,,,,,,,,,,,,,,,,,,,,,,,,,,,,,,,,,,,,,,
2024-11-07,,,,,,,,,,,,,,,,,,,,,,,,,,,,,,,,,,,,,,,,,,,,,,,,,,
2024-11-08,,,,,,,,,,,,,,,,,,,,,,,,,,,,,,,,,,,,,,,,,,,,,,,,,,
2024-11-09,,,,,,,,,,,,,,,,,,,,,,,,,,,,,,,,,,,,,,,,,,,,,,,,,,
2024-11-10,373.0,2271.0,,1540.0,,,,,125.0,,,,,,17.0,1356.0,,,,241.0,413.0,,11675.0,847.0,372.0,,1597.0,716.0,,3831.0,497.0,505.0,1615.0,19346.0,927.0,,,500.0,542.0,815.0,,,1314.0,,0.0,,5571.0,836.0,,0.0
2024-11-11,,,,,,,,,,,,,,,,,,,,,,,,,,,,,,,,,,,,,,,,,,,,,,,,,,
2024-11-12,,,,,,,,,,,,,,,,,,,,,,,,,,,,,,,,,,,,,,,,,,,,,,,,,,
2024-11-13,,,,,,,,,,,,,,,,,,,,,,,,,,,,,,,,,,,,,,,,,,,,,,,,,,
2024-11-14,,,,,,,,,,,,,,,,,,,,,,,,,,,,,,,,,,,,,,,,,,,,,,,,,,
2024-11-15,,,,,,,,,,,,,,,,,,,,,,,,,,,,,,,,,,,,,,,,,,,,,,,,,,
2024-11-16,,,,,,,,,,,,,,,,,,,,,,,,,,,,,,,,,,,,,,,,,,,,,,,,,,
2024-11-17,390.0,2437.0,,1651.0,,,,,124.0,,,,,,100.0,1364.0,,,,241.0,459.0,,11369.0,886.0,279.0,,1209.0,686.0,,3927.0,544.0,547.0,1478.0,20466.0,937.0,,,506.0,547.0,596.0,,,1361.0,,0.0,,4721.0,927.0,,0.0
2024-11-18,,,,,,,,,,,,,,,,,,,,,,,,,,,,,,,,,,,,,,,,,,,,,,,,,,
2024-11-19,,,,,,,,,,,,,,,,,,,,,,,,,,,,,,,,,,,,,,,,,,,,,,,,,,
2024-11-20,,,,,,,,,,,,,,,,,,,,,,,,,,,,,,,,,,,,,,,,,,,,,,,,,,
2024-11-21,,,,,,,,,,,,,,,,,,,,,,,,,,,,,,,,,,,,,,,,,,,,,,,,,,
2024-11-22,,,,,,,,,,,,,,,,,,,,,,,,,,,,,,,,,,,,,,,,,,,,,,,,,,
2024-11-23,,,,,,,,,,,,,,,,,,,,,,,,,,,,,,,,,,,,,,,,,,,,,,,,,,
2024-11-24,340.0,2259.0,,1529.0,,,,,137.0,,,,,,9.0,1360.0,,,,225.0,424.0,,10765.0,895.0,224.0,,879.0,672.0,,4009.0,524.0,456.0,1404.0,32597.0,866.0,,,512.0,587.0,411.0,,,1312.0,,0.0,,3968.0,878.0,,0.0
2024-11-25,,,,,,,,,,,,,,,,,,,,,,,,,,,,,,,,,,,,,,,,,,,,,,,,,,
2024-11-26,,,,,,,,,,,,,,,,,,,,,,,,,,,,,,,,,,,,,,,,,,,,,,,,,,
2024-11-27,,,,,,,,,,,,,,,,,,,,,,,,,,,,,,,,,,,,,,,,,,,,,,,,,,
2024-11-28,,,,,,,,,,,,,,,,,,,,,,,,,,,,,,,,,,,,,,,,,,,,,,,,,,
2024-11-29,,,,,,,,,,,,,,,,,,,,,,,,,,,,,,,,,,,,,,,,,,,,,,,,,,
2024-11-30,,,,,,,,,,,,,,,,,,,,,,,,,,,,,,,,,,,,,,,,,,,,,,,,,,
2024-12-01,344.0,2349.0,,1587.0,,,,,127.0,,,,,,26.0,1438.0,,,,230.0,419.0,,10650.0,914.0,218.0,,803.0,662.0,,3938.0,450.0,449.0,1438.0,57165.0,914.0,,,485.0,539.0,364.0,,,1314.0,,0.0,,3766.0,866.0,,0.0
2024-12-02,,,,,,,,,,,,,,,,,,,,,,,,,,,,,,,,,,,,,,,,,,,,,,,,,,
2024-12-03,,,,,,,,,,,,,,,,,,,,,,,,,,,,,,,,,,,,,,,,,,,,,,,,,,
2024-12-04,,,,,,,,,,,,,,,,,,,,,,,,,,,,,,,,,,,,,,,,,,,,,,,,,,
2024-12-05,,,,,,,,,,,,,,,,,,,,,,,,,,,,,,,,,,,,,,,,,,,,,,,,,,
2024-12-06,,,,,,,,,,,,,,,,,,,,,,,,,,,,,,,,,,,,,,,,,,,,,,,,,,
2024-12-07,,,,,,,,,,,,,,,,,,,,,,,,,,,,,,,,,,,,,,,,,,,,,,,,,,
2024-12-08,346.0,2204.0,,1506.0,,,,,133.0,,,,,,18.0,1426.0,,,,229.0,418.0,,10371.0,2350.0,201.0,,678.0,621.0,,4119.0,490.0,423.0,1422.0,55292.0,957.0,,,497.0,562.0,331.0,,,1316.0,,0.0,,4060.0,856.0,,0.0
2024-12-09,,,,,,,,,,,,,,,,,,,,,,,,,,,,,,,,,,,,,,,,,,,,,,,,,,
2024-12-10,,,,,,,,,,,,,,,,,,,,,,,,,,,,,,,,,,,,,,,,,,,,,,,,,,
2024-12-11,,,,,,,,,,,,,,,,,,,,,,,,,,,,,,,,,,,,,,,,,,,,,,,,,,
2024-12-12,,,,,,,,,,,,,,,,,,,,,,,,,,,,,,,,,,,,,,,,,,,,,,,,,,
2024-12-13,,,,,,,,,,,,,,,,,,,,,,,,,,,,,,,,,,,,,,,,,,,,,,,,,,
2024-12-14,,,,,,,,,,,,,,,,,,,,,,,,,,,,,,,,,,,,,,,,,,,,,,,,,,
2024-12-15,375.0,2060.0,,1514.0,,,,,122.0,,,,,,26.0,1313.0,,,,226.0,403.0,,10713.0,5245.0,190.0,,568.0,593.0,,3912.0,481.0,407.0,1342.0,38723.0,888.0,,,466.0,645.0,301.0,,,1326.0,,0.0,,5945.0,869.0,,0.0
2024-12-16,,,,,,,,,,,,,,,,,,,,,,,,,,,,,,,,,,,,,,,,,,,,,,,,,,
2024-12-17,,,,,,,,,,,,,,,,,,,,,,,,,,,,,,,,,,,,,,,,,,,,,,,,,,
2024-12-18,,,,,,,,,,,,,,,,,,,,,,,,,,,,,,,,,,,,,,,,,,,,,,,,,,
2024-12-19,,,,,,,,,,,,,,,,,,,,,,,,,,,,,,,,,,,,,,,,,,,,,,,,,,
2024-12-20,,,,,,,,,,,,,,,,,,,,,,,,,,,,,,,,,,,,,,,,,,,,,,,,,,
2024-12-21,,,,,,,,,,,,,,,,,,,,,,,,,,,,,,,,,,,,,,,,,,,,,,,,,,
2024-12-22,351.0,1938.0,,1514.0,,,,,127.0,,,,,,0.0,1264.0,,,,226.0,361.0,,10685.0,5561.0,179.0,,600.0,570.0,,3850.0,493.0,388.0,1328.0,22840.0,883.0,,,475.0,567.0,292.0,,,1240.0,,0.0,,4995.0,849.0,,0.0
2024-12-23,,,,,,,,,,,,,,,,,,,,,,,,,,,,,,,,,,,,,,,,,,,,,,,,,,
2024-12-24,,,,,,,,,,,,,,,,,,,,,,,,,,,,,,,,,,,,,,,,,,,,,,,,,,
2024-12-25,,,,,,,,,,,,,,,,,,,,,,,,,,,,,,,,,,,,,,,,,,,,,,,,,,
2024-12-26,,,,,,,,,,,,,,,,,,,,,,,,,,,,,,,,,,,,,,,,,,,,,,,,,,
2024-12-27,,,,,,,,,,,,,,,,,,,,,,,,,,,,,,,,,,,,,,,,,,,,,,,,,,
2024-12-28,,,,,,,,,,,,,,,,,,,,,,,,,,,,,,,,,,,,,,,,,,,,,,,,,,
2024-12-29,358.0,1830.0,,1546.0,,,,,129.0,,,,,,17.0,1305.0,,,,359.0,390.0,,11084.0,3525.0,189.0,,472.0,587.0,,3893.0,477.0,352.0,1283.0,23446.0,894.0,,,476.0,522.0,294.0,,,1277.0,,0.0,,4807.0,816.0,,0.0
2024-12-30,,,,,,,,,,,,,,,,,,,,,,,,,,,,,,,,,,,,,,,,,,,,,,,,,,
2024-12-31,,,,,,,,,,,,,,,,,,,,,,,,,,,,,,,,,,,,,,,,,,,,,,,,,,
2025-01-01,,,,,,,,,,,,,,,,,,,,,,,,,,,,,,,,,,,,,,,,,,,,,,,,,,
2025-01-02,,,,,,,,,,,,,,,,,,,,,,,,,,,,,,,,,,,,,,,,,,,,,,,,,,
2025-01-03,,,,,,,,,,,,,,,,,,,,,,,,,,,,,,,,,,,,,,,,,,,,,,,,,,
2025-01-04,,,,,,,,,,,,,,,,,,,,,,,,,,,,,,,,,,,,,,,,,,,,,,,,,,
2025-01-05,360.0,1983.0,,1713.0,,,,,125.0,,,,,,0.0,1356.0,,,,214.0,391.0,,12828.0,2743.0,203.0,,558.0,606.0,,4298.0,516.0,396.0,1333.0,24242.0,901.0,,,510.0,474.0,279.0,,,1304.0,,0.0,,4788.0,942.0,,0.0
2025-01-06,,,,,,,,,,,,,,,,,,,,,,,,,,,,,,,,,,,,,,,,,,,,,,,,,,
2025-01-07,,,,,,,,,,,,,,,,,,,,,,,,,,,,,,,,,,,,,,,,,,,,,,,,,,
2025-01-08,,,,,,,,,,,,,,,,,,,,,,,,,,,,,,,,,,,,,,,,,,,,,,,,,,
2025-01-09,,,,,,,,,,,,,,,,,,,,,,,,,,,,,,,,,,,,,,,,,,,,,,,,,,
2025-01-10,,,,,,,,,,,,,,,,,,,,,,,,,,,,,,,,,,,,,,,,,,,,,,,,,,
2025-01-11,,,,,,,,,,,,,,,,,,,,,,,,,,,,,,,,,,,,,,,,,,,,,,,,,,
2025-01-12,409.0,1942.0,,1656.0,,,,,120.0,,,,,,0.0,1346.0,,,,200.0,363.0,,12159.0,1796.0,174.0,,436.0,563.0,,5094.0,452.0,343.0,1186.0,17213.0,935.0,,,496.0,483.0,281.0,,,1220.0,,0.0,,16920.0,873.0,,0.0
2025-01-13,,,,,,,,,,,,,,,,,,,,,,,,,,,,,,,,,,,,,,,,,,,,,,,,,,
2025-01-14,,,,,,,,,,,,,,,,,,,,,,,,,,,,,,,,,,,,,,,,,,,,,,,,,,
2025-01-15,,,,,,,,,,,,,,,,,,,,,,,,,,,,,,,,,,,,,,,,,,,,,,,,,,
2025-01-16,,,,,,,,,,,,,,,,,,,,,,,,,,,,,,,,,,,,,,,,,,,,,,,,,,
2025-01-17,,,,,,,,,,,,,,,,,,,,,,,,,,,,,,,,,,,,,,,,,,,,,,,,,,
2025-01-18,,,,,,,,,,,,,,,,,,,,,,,,,,,,,,,,,,,,,,,,,,,,,,,,,,
2025-01-19,450.0,1907.0,,2099.0,,,,,134.0,,,,,,26.0,1661.0,,,,208.0,352.0,,15054.0,1712.0,177.0,,415.0,593.0,,7114.0,468.0,358.0,1427.0,17670.0,986.0,,,491.0,481.0,266.0,,,1344.0,,0.0,,6363.0,951.0,,0.0
2025-01-20,,,,,,,,,,,,,,,,,,,,,,,,,,,,,,,,,,,,,,,,,,,,,,,,,,
2025-01-21,,,,,,,,,,,,,,,,,,,,,,,,,,,,,,,,,,,,,,,,,,,,,,,,,,
2025-01-22,,,,,,,,,,,,,,,,,,,,,,,,,,,,,,,,,,,,,,,,,,,,,,,,,,
2025-01-23,,,,,,,,,,,,,,,,,,,,,,,,,,,,,,,,,,,,,,,,,,,,,,,,,,
2025-01-24,,,,,,,,,,,,,,,,,,,,,,,,,,,,,,,,,,,,,,,,,,,,,,,,,,
2025-01-25,,,,,,,,,,,,,,,,,,,,,,,,,,,,,,,,,,,,,,,,,,,,,,,,,,
2025-01-26,477.0,1866.0,,2377.0,,,,,132.0,,,,,,26.0,1993.0,,,,205.0,359.0,,18363.0,1506.0,198.0,,479.0,578.0,,6929.0,1006.0,383.0,1256.0,19536.0,978.0,,,534.0,443.0,284.0,,,1391.0,,0.0,,7036.0,1012.0,,0.0
2025-01-27,,,,,,,,,,,,,,,,,,,,,,,,,,,,,,,,,,,,,,,,,,,,,,,,,,
2025-01-28,,,,,,,,,,,,,,,,,,,,,,,,,,,,,,,,,,,,,,,,,,,,,,,,,,
2025-01-29,,,,,,,,,,,,,,,,,,,,,,,,,,,,,,,,,,,,,,,,,,,,,,,,,,
2025-01-30,,,,,,,,,,,,,,,,,,,,,,,,,,,,,,,,,,,,,,,,,,,,,,,,,,
2025-01-31,,,,,,,,,,,,,,,,,,,,,,,,,,,,,,,,,,,,,,,,,,,,,,,,,,
2025-02-01,,,,,,,,,,,,,,,,,,,,,,,,,,,,,,,,,,,,,,,,,,,,,,,,,,
2025-02-02,362.0,2707.0,,2504.0,,,,,106.0,,,,,,26.0,2165.0,,,,196.0,345.0,,22336.0,1691.0,280.0,,598.0,551.0,,6315.0,2231.0,459.0,1127.0,18916.0,780.0,,,582.0,294.0,329.0,,,1289.0,,0.0,,85087.0,1047.0,,0.0
2025-02-03,,,,,,,,,,,,,,,,,,,,,,,,,,,,,,,,,,,,,,,,,,,,,,,,,,
2025-02-04,,,,,,,,,,,,,,,,,,,,,,,,,,,,,,,,,,,,,,,,,,,,,,,,,,
2025-02-05,,,,,,,,,,,,,,,,,,,,,,,,,,,,,,,,,,,,,,,,,,,,,,,,,,
2025-02-06,,,,,,,,,,,,,,,,,,,,,,,,,,,,,,,,,,,,,,,,,,,,,,,,,,
2025-02-07,,,,,,,,,,,,,,,,,,,,,,,,,,,,,,,,,,,,,,,,,,,,,,,,,,
2025-02-08,,,,,,,,,,,,,,,,,,,,,,,,,,,,,,,,,,,,,,,,,,,,,,,,,,
2025-02-09,383.0,3845.0,,2837.0,,,,,142.0,,,,,,41.0,1727.0,,,,184.0,398.0,,20002.0,2628.0,252.0,,469.0,633.0,,5240.0,2216.0,507.0,1605.0,19580.0,967.0,,,566.0,426.0,286.0,,,1236.0,,0.0,,182826.0,1127.0,,0.0
2025-02-10,,,,,,,,,,,,,,,,,,,,,,,,,,,,,,,,,,,,,,,,,,,,,,,,,,
2025-02-11,,,,,,,,,,,,,,,,,,,,,,,,,,,,,,,,,,,,,,,,,,,,,,,,,,
2025-02-12,,,,,,,,,,,,,,,,,,,,,,,,,,,,,,,,,,,,,,,,,,,,,,,,,,
2025-02-13,,,,,,,,,,,,,,,,,,,,,,,,,,,,,,,,,,,,,,,,,,,,,,,,,,
2025-02-14,,,,,,,,,,,,,,,,,,,,,,,,,,,,,,,,,,,,,,,,,,,,,,,,,,
2025-02-15,,,,,,,,,,,,,,,,,,,,,,,,,,,,,,,,,,,,,,,,,,,,,,,,,,
2025-02-16,388.0,3671.0,,2391.0,,,,,139.0,,,,,,109.0,1446.0,,,,183.0,390.0,,15687.0,2529.0,216.0,,299.0,591.0,,4473.0,2105.0,413.0,4379.0,18713.0,977.0,,,506.0,448.0,244.0,,,1148.0,,0.0,,200507.0,1125.0,,0.0
2025-02-17,,,,,,,,,,,,,,,,,,,,,,,,,,,,,,,,,,,,,,,,,,,,,,,,,,
2025-02-18,,,,,,,,,,,,,,,,,,,,,,,,,,,,,,,,,,,,,,,,,,,,,,,,,,
2025-02-19,,,,,,,,,,,,,,,,,,,,,,,,,,,,,,,,,,,,,,,,,,,,,,,,,,
2025-02-20,,,,,,,,,,,,,,,,,,,,,,,,,,,,,,,,,,,,,,,,,,,,,,,,,,
2025-02-21,,,,,,,,,,,,,,,,,,,,,,,,,,,,,,,,,,,,,,,,,,,,,,,,,,
2025-02-22,,,,,,,,,,,,,,,,,,,,,,,,,,,,,,,,,,,,,,,,,,,,,,,,,,
2025-02-23,343.0,2597.0,,1736.0,,,,,133.0,,,,,,9.0,1218.0,,,,181.0,341.0,,10334.0,1757.0,188.0,,232.0,593.0,,3595.0,1284.0,341.0,6209.0,16457.0,2506.0,,,444.0,475.0,214.0,,,1084.0,,0.0,,150321.0,1075.0,,0.0
2025-02-24,,,,,,,,,,,,,,,,,,,,,,,,,,,,,,,,,,,,,,,,,,,,,,,,,,
2025-02-25,,,,,,,,,,,,,,,,,,,,,,,,,,,,,,,,,,,,,,,,,,,,,,,,,,
2025-02-26,,,,,,,,,,,,,,,,,,,,,,,,,,,,,,,,,,,,,,,,,,,,,,,,,,
2025-02-27,,,,,,,,,,,,,,,,,,,,,,,,,,,,,,,,,,,,,,,,,,,,,,,,,,
2025-02-28,,,,,,,,,,,,,,,,,,,,,,,,,,,,,,,,,,,,,,,,,,,,,,,,,,
2025-03-01,,,,,,,,,,,,,,,,,,,,,,,,,,,,,,,,,,,,,,,,,,,,,,,,,,
2025-03-02,332.0,2013.0,,1567.0,,,,,130.0,,,,,,17.0,1240.0,,,,184.0,367.0,,8249.0,1344.0,177.0,,216.0,549.0,,2103.0,914.0,303.0,1669.0,16504.0,2636.0,,,415.0,463.0,188.0,,,1065.0,,0.0,,79501.0,1035.0,,0.0
2025-03-03,,,,,,,,,,,,,,,,,,,,,,,,,,,,,,,,,,,,,,,,,,,,,,,,,,
2025-03-04,,,,,,,,,,,,,,,,,,,,,,,,,,,,,,,,,,,,,,,,,,,,,,,,,,
2025-03-05,,,,,,,,,,,,,,,,,,,,,,,,,,,,,,,,,,,,,,,,,,,,,,,,,,
2025-03-06,,,,,,,,,,,,,,,,,,,,,,,,,,,,,,,,,,,,,,,,,,,,,,,,,,
2025-03-07,,,,,,,,,,,,,,,,,,,,,,,,,,,,,,,,,,,,,,,,,,,,,,,,,,
2025-03-08,,,,,,,,,,,,,,,,,,,,,,,,,,,,,,,,,,,,,,,,,,,,,,,,,,
2025-03-09,323.0,1786.0,,1551.0,,,,,125.0,,,,,,0.0,1159.0,,,,181.0,356.0,,7644.0,1309.0,161.0,,209.0,556.0,,1734.0,787.0,299.0,1361.0,16013.0,1322.0,,,420.0,493.0,191.0,,,1073.0,,0.0,,52970.0,1152.0,,0.0
2025-03-10,,,,,,,,,,,,,,,,,,,,,,,,,,,,,,,,,,,,,,,,,,,,,,,,,,
2025-03-11,,,,,,,,,,,,,,,,,,,,,,,,,,,,,,,,,,,,,,,,,,,,,,,,,,
2025-03-12,,,,,,,,,,,,,,,,,,,,,,,,,,,,,,,,,,,,,,,,,,,,,,,,,,
2025-03-13,,,,,,,,,,,,,,,,,,,,,,,,,,,,,,,,,,,,,,,,,,,,,,,,,,
2025-03-14,,,,,,,,,,,,,,,,,,,,,,,,,,,,,,,,,,,,,,,,,,,,,,,,,,
2025-03-15,,,,,,,,,,,,,,,,,,,,,,,,,,,,,,,,,,,,,,,,,,,,,,,,,,
2025-03-16,313.0,1664.0,,1643.0,,,,,128.0,,,,,,51.0,1168.0,,,,186.0,339.0,,7788.0,1235.0,160.0,,226.0,561.0,,1844.0,998.0,305.0,1369.0,15326.0,1005.0,,,430.0,462.0,194.0,,,1093.0,,0.0,,44243.0,1033.0,,0.0
2025-03-17,,,,,,,,,,,,,,,,,,,,,,,,,,,,,,,,,,,,,,,,,,,,,,,,,,
2025-03-18,,,,,,,,,,,,,,,,,,,,,,,,,,,,,,,,,,,,,,,,,,,,,,,,,,
2025-03-19,,,,,,,,,,,,,,,,,,,,,,,,,,,,,,,,,,,,,,,,,,,,,,,,,,
2025-03-20,,,,,,,,,,,,,,,,,,,,,,,,,,,,,,,,,,,,,,,,,,,,,,,,,,
2025-03-21,,,,,,,,,,,,,,,,,,,,,,,,,,,,,,,,,,,,,,,,,,,,,,,,,,
2025-03-22,,,,,,,,,,,,,,,,,,,,,,,,,,,,,,,,,,,,,,,,,,,,,,,,,,
2025-03-23,299.0,1636.0,,1577.0,,,,,118.0,,,,,,34.0,1126.0,,,,184.0,287.0,,7615.0,1134.0,153.0,,199.0,536.0,,1664.0,3101.0,314.0,1195.0,15028.0,957.0,,,441.0,473.0,197.0,,,1147.0,,0.0,,32887.0,938.0,,0.0
2025-03-24,,,,,,,,,,,,,,,,,,,,,,,,,,,,,,,,,,,,,,,,,,,,,,,,,,
2025-03-25,,,,,,,,,,,,,,,,,,,,,,,,,,,,,,,,,,,,,,,,,,,,,,,,,,
2025-03-26,,,,,,,,,,,,,,,,,,,,,,,,,,,,,,,,,,,,,,,,,,,,,,,,,,
2025-03-27,,,,,,,,,,,,,,,,,,,,,,,,,,,,,,,,,,,,,,,,,,,,,,,,,,
2025-03-28,,,,,,,,,,,,,,,,,,,,,,,,,,,,,,,,,,,,,,,,,,,,,,,,,,
2025-03-29,,,,,,,,,,,,,,,,,,,,,,,,,,,,,,,,,,,,,,,,,,,,,,,,,,
2025-03-30,314.0,1558.0,,1521.0,,,,,123.0,,,,,,17.0,1150.0,,,,178.0,325.0,,8039.0,1005.0,158.0,,221.0,554.0,,2902.0,1900.0,302.0,1233.0,16203.0,951.0,,,429.0,467.0,196.0,,,1089.0,,0.0,,32231.0,908.0,,0.0
2025-03-31,,,,,,,,,,,,,,,,,,,,,,,,,,,,,,,,,,,,,,,,,,,,,,,,,,
2025-04-01,,,,,,,,,,,,,,,,,,,,,,,,,,,,,,,,,,,,,,,,,,,,,,,,,,
2025-04-02,,,,,,,,,,,,,,,,,,,,,,,,,,,,,,,,,,,,,,,,,,,,,,,,,,
2025-04-03,,,,,,,,,,,,,,,,,,,,,,,,,,,,,,,,,,,,,,,,,,,,,,,,,,
2025-04-04,,,,,,,,,,,,,,,,,,,,,,,,,,,,,,,,,,,,,,,,,,,,,,,,,,
2025-04-05,,,,,,,,,,,,,,,,,,,,,,,,,,,,,,,,,,,,,,,,,,,,,,,,,,
2025-04-06,309.0,1592.0,,1752.0,,,,,124.0,,,,,,0.0,1201.0,,,,166.0,295.0,,7951.0,962.0,151.0,,236.0,521.0,,3194.0,1585.0,326.0,1104.0,16813.0,923.0,,,469.0,445.0,204.0,,,1073.0,,0.0,,33926.0,900.0,,0.0
2025-04-07,,,,,,,,,,,,,,,,,,,,,,,,,,,,,,,,,,,,,,,,,,,,,,,,,,
2025-04-08,,,,,,,,,,,,,,,,,,,,,,,,,,,,,,,,,,,,,,,,,,,,,,,,,,
2025-04-09,,,,,,,,,,,,,,,,,,,,,,,,,,,,,,,,,,,,,,,,,,,,,,,,,,
2025-04-10,,,,,,,,,,,,,,,,,,,,,,,,,,,,,,,,,,,,,,,,,,,,,,,,,,
2025-04-11,,,,,,,,,,,,,,,,,,,,,,,,,,,,,,,,,,,,,,,,,,,,,,,,,,
2025-04-12,,,,,,,,,,,,,,,,,,,,,,,,,,,,,,,,,,,,,,,,,,,,,,,,,,
2025-04-13,339.0,1503.0,,1554.0,,,,,143.0,,,,,,17.0,1155.0,,,,189.0,407.0,,7442.0,952.0,145.0,,264.0,504.0,,3228.0,1250.0,287.0,1177.0,18015.0,923.0,,,434.0,604.0,189.0,,,1117.0,,0.0,,30658.0,837.0,,0.0
2025-04-14,,,,,,,,,,,,,,,,,,,,,,,,,,,,,,,,,,,,,,,,,,,,,,,,,,
2025-04-15,,,,,,,,,,,,,,,,,,,,,,,,,,,,,,,,,,,,,,,,,,,,,,,,,,
2025-04-16,,,,,,,,,,,,,,,,,,,,,,,,,,,,,,,,,,,,,,,,,,,,,,,,,,
2025-04-17,,,,,,,,,,,,,,,,,,,,,,,,,,,,,,,,,,,,,,,,,,,,,,,,,,
2025-04-18,,,,,,,,,,,,,,,,,,,,,,,,,,,,,,,,,,,,,,,,,,,,,,,,,,
2025-04-19,,,,,,,,,,,,,,,,,,,,,,,,,,,,,,,,,,,,,,,,,,,,,,,,,,
2025-04-20,332.0,1397.0,,1499.0,,,,,143.0,,,,,,9.0,1156.0,,,,182.0,350.0,,7090.0,960.0,139.0,,220.0,502.0,,3136.0,1028.0,265.0,1135.0,18332.0,921.0,,,458.0,558.0,191.0,,,1150.0,,0.0,,26112.0,874.0,,0.0
2025-04-21,,,,,,,,,,,,,,,,,,,,,,,,,,,,,,,,,,,,,,,,,,,,,,,,,,
2025-04-22,,,,,,,,,,,,,,,,,,,,,,,,,,,,,,,,,,,,,,,,,,,,,,,,,,
2025-04-23,,,,,,,,,,,,,,,,,,,,,,,,,,,,,,,,,,,,,,,,,,,,,,,,,,
2025-04-24,,,,,,,,,,,,,,,,,,,,,,,,,,,,,,,,,,,,,,,,,,,,,,,,,,
2025-04-25,,,,,,,,,,,,,,,,,,,,,,,,,,,,,,,,,,,,,,,,,,,,,,,,,,
2025-04-26,,,,,,,,,,,,,,,,,,,,,,,,,,,,,,,,,,,,,,,,,,,,,,,,,,
2025-04-27,305.0,1323.0,,1345.0,,,,,143.0,,,,,,9.0,1129.0,,,,179.0,382.0,,6770.0,919.0,139.0,,196.0,493.0,,3066.0,968.0,245.0,1207.0,24262.0,928.0,,,437.0,491.0,222.0,,,1195.0,,0.0,,23593.0,856.0,,0.0
2025-04-28,,,,,,,,,,,,,,,,,,,,,,,,,,,,,,,,,,,,,,,,,,,,,,,,,,
2025-04-29,,,,,,,,,,,,,,,,,,,,,,,,,,,,,,,,,,,,,,,,,,,,,,,,,,
2025-04-30,,,,,,,,,,,,,,,,,,,,,,,,,,,,,,,,,,,,,,,,,,,,,,,,,,
2025-05-01,,,,,,,,,,,,,,,,,,,,,,,,,,,,,,,,,,,,,,,,,,,,,,,,,,
2025-05-02,,,,,,,,,,,,,,,,,,,,,,,,,,,,,,,,,,,,,,,,,,,,,,,,,,
2025-05-03,,,,,,,,,,,,,,,,,,,,,,,,,,,,,,,,,,,,,,,,,,,,,,,,,,
2025-05-04,420.0,1652.0,,1898.0,,,,,126.0,,,,,,0.0,1309.0,,,,177.0,355.0,,8987.0,1021.0,154.0,,238.0,513.0,,4086.0,1043.0,302.0,1310.0,29115.0,848.0,,,530.0,451.0,247.0,,,1944.0,,0.0,,21584.0,1023.0,,0.0
2025-05-05,,,,,,,,,,,,,,,,,,,,,,,,,,,,,,,,,,,,,,,,,,,,,,,,,,
2025-05-06,,,,,,,,,,,,,,,,,,,,,,,,,,,,,,,,,,,,,,,,,,,,,,,,,,
2025-05-07,,,,,,,,,,,,,,,,,,,,,,,,,,,,,,,,,,,,,,,,,,,,,,,,,,
2025-05-08,,,,,,,,,,,,,,,,,,,,,,,,,,,,,,,,,,,,,,,,,,,,,,,,,,
2025-05-09,,,,,,,,,,,,,,,,,,,,,,,,,,,,,,,,,,,,,,,,,,,,,,,,,,
2025-05-10,,,,,,,,,,,,,,,,,,,,,,,,,,,,,,,,,,,,,,,,,,,,,,,,,,
2025-05-11,400.0,1347.0,,1506.0,,,,,138.0,,,,,,9.0,1219.0,,,,211.0,527.0,,7476.0,864.0,153.0,,201.0,490.0,,3506.0,886.0,265.0,1181.0,26756.0,880.0,,,454.0,461.0,191.0,,,1526.0,,0.0,,19145.0,969.0,,0.0
2025-05-12,,,,,,,,,,,,,,,,,,,,,,,,,,,,,,,,,,,,,,,,,,,,,,,,,,
2025-05-13,,,,,,,,,,,,,,,,,,,,,,,,,,,,,,,,,,,,,,,,,,,,,,,,,,
2025-05-14,,,,,,,,,,,,,,,,,,,,,,,,,,,,,,,,,,,,,,,,,,,,,,,,,,
2025-05-15,,,,,,,,,,,,,,,,,,,,,,,,,,,,,,,,,,,,,,,,,,,,,,,,,,
2025-05-16,,,,,,,,,,,,,,,,,,,,,,,,,,,,,,,,,,,,,,,,,,,,,,,,,,
2025-05-17,,,,,,,,,,,,,,,,,,,,,,,,,,,,,,,,,,,,,,,,,,,,,,,,,,
2025-05-18,376.0,1474.0,,1341.0,,,,,104.0,,,,,,17.0,1195.0,,,,169.0,390.0,,6732.0,896.0,136.0,,199.0,482.0,,3365.0,761.0,252.0,1152.0,26058.0,832.0,,,423.0,476.0,193.0,,,1339.0,,0.0,,17502.0,867.0,,0.0
2025-05-19,,,,,,,,,,,,,,,,,,,,,,,,,,,,,,,,,,,,,,,,,,,,,,,,,,
2025-05-20,,,,,,,,,,,,,,,,,,,,,,,,,,,,,,,,,,,,,,,,,,,,,,,,,,
2025-05-21,,,,,,,,,,,,,,,,,,,,,,,,,,,,,,,,,,,,,,,,,,,,,,,,,,
2025-05-22,,,,,,,,,,,,,,,,,,,,,,,,,,,,,,,,,,,,,,,,,,,,,,,,,,
2025-05-23,,,,,,,,,,,,,,,,,,,,,,,,,,,,,,,,,,,,,,,,,,,,,,,,,,
2025-05-24,,,,,,,,,,,,,,,,,,,,,,,,,,,,,,,,,,,,,,,,,,,,,,,,,,
2025-05-25,365.0,1309.0,,1294.0,,,,,130.0,,,,,,17.0,1197.0,,,,185.0,463.0,,6432.0,890.0,144.0,,221.0,497.0,,3944.0,801.0,268.0,1215.0,26405.0,796.0,,,430.0,436.0,193.0,,,1239.0,,1535.0,,15571.0,917.0,,0.0
2025-05-26,,,,,,,,,,,,,,,,,,,,,,,,,,,,,,,,,,,,,,,,,,,,,,,,,,
2025-05-27,,,,,,,,,,,,,,,,,,,,,,,,,,,,,,,,,,,,,,,,,,,,,,,,,,
2025-05-28,,,,,,,,,,,,,,,,,,,,,,,,,,,,,,,,,,,,,,,,,,,,,,,,,,
2025-05-29,,,,,,,,,,,,,,,,,,,,,,,,,,,,,,,,,,,,,,,,,,,,,,,,,,
2025-05-30,,,,,,,,,,,,,,,,,,,,,,,,,,,,,,,,,,,,,,,,,,,,,,,,,,
2025-05-31,,,,,,,,,,,,,,,,,,,,,,,,,,,,,,,,,,,,,,,,,,,,,,,,,,
2025-06-01,361.0,1374.0,,1434.0,,,,,119.0,,,,,,8.0,1368.0,,,,167.0,425.0,,7189.0,1427.0,149.0,,289.0,500.0,,4091.0,811.0,287.0,1176.0,26188.0,770.0,,,461.0,418.0,201.0,,,1265.0,,12863.0,,16853.0,950.0,,0.0
2025-06-02,,,,,,,,,,,,,,,,,,,,,,,,,,,,,,,,,,,,,,,,,,,,,,,,,,
2025-06-03,,,,,,,,,,,,,,,,,,,,,,,,,,,,,,,,,,,,,,,,,,,,,,,,,,
2025-06-04,,,,,,,,,,,,,,,,,,,,,,,,,,,,,,,,,,,,,,,,,,,,,,,,,,
2025-06-05,,,,,,,,,,,,,,,,,,,,,,,,,,,,,,,,,,,,,,,,,,,,,,,,,,
2025-06-06,,,,,,,,,,,,,,,,,,,,,,,,,,,,,,,,,,,,,,,,,,,,,,,,,,
2025-06-07,,,,,,,,,,,,,,,,,,,,,,,,,,,,,,,,,,,,,,,,,,,,,,,,,,
2025-06-08,341.0,1382.0,,1469.0,,,,,126.0,,,,,,9.0,5109.0,,,,175.0,374.0,,7468.0,3829.0,147.0,,228.0,484.0,,3881.0,872.0,287.0,1027.0,26909.0,845.0,,,498.0,462.0,225.0,,,1244.0,,15644.0,,14377.0,978.0,,0.0
2025-06-09,,,,,,,,,,,,,,,,,,,,,,,,,,,,,,,,,,,,,,,,,,,,,,,,,,
2025-06-10,,,,,,,,,,,,,,,,,,,,,,,,,,,,,,,,,,,,,,,,,,,,,,,,,,
2025-06-11,,,,,,,,,,,,,,,,,,,,,,,,,,,,,,,,,,,,,,,,,,,,,,,,,,
2025-06-12,,,,,,,,,,,,,,,,,,,,,,,,,,,,,,,,,,,,,,,,,,,,,,,,,,
2025-06-13,,,,,,,,,,,,,,,,,,,,,,,,,,,,,,,,,,,,,,,,,,,,,,,,,,
2025-06-14,,,,,,,,,,,,,,,,,,,,,,,,,,,,,,,,,,,,,,,,,,,,,,,,,,
2025-06-15,297.0,1271.0,,1346.0,,,,,108.0,,,,,,36.0,4181.0,,,,189.0,479.0,,6762.0,1809.0,147.0,,261.0,509.0,,3693.0,738.0,272.0,1029.0,27956.0,865.0,,,449.0,531.0,216.0,,,1168.0,,9442.0,,13745.0,1432.0,,0.0
2025-06-16,,,,,,,,,,,,,,,,,,,,,,,,,,,,,,,,,,,,,,,,,,,,,,,,,,
2025-06-17,,,,,,,,,,,,,,,,,,,,,,,,,,,,,,,,,,,,,,,,,,,,,,,,,,
2025-06-18,,,,,,,,,,,,,,,,,,,,,,,,,,,,,,,,,,,,,,,,,,,,,,,,,,
2025-06-19,,,,,,,,,,,,,,,,,,,,,,,,,,,,,,,,,,,,,,,,,,,,,,,,,,
2025-06-20,,,,,,,,,,,,,,,,,,,,,,,,,,,,,,,,,,,,,,,,,,,,,,,,,,
2025-06-21,,,,,,,,,,,,,,,,,,,,,,,,,,,,,,,,,,,,,,,,,,,,,,,,,,
2025-06-22,286.0,1363.0,,1368.0,,,,,117.0,,,,,,44.0,2783.0,,,,181.0,549.0,,6898.0,1490.0,137.0,,671.0,514.0,,3616.0,678.0,279.0,1307.0,19767.0,830.0,,,437.0,416.0,193.0,,,1154.0,,6882.0,,12901.0,1389.0,,0.0
2025-06-23,,,,,,,,,,,,,,,,,,,,,,,,,,,,,,,,,,,,,,,,,,,,,,,,,,
2025-06-24,,,,,,,,,,,,,,,,,,,,,,,,,,,,,,,,,,,,,,,,,,,,,,,,,,
2025-06-25,,,,,,,,,,,,,,,,,,,,,,,,,,,,,,,,,,,,,,,,,,,,,,,,,,
2025-06-26,,,,,,,,,,,,,,,,,,,,,,,,,,,,,,,,,,,,,,,,,,,,,,,,,,
2025-06-27,,,,,,,,,,,,,,,,,,,,,,,,,,,,,,,,,,,,,,,,,,,,,,,,,,
2025-06-28,,,,,,,,,,,,,,,,,,,,,,,,,,,,,,,,,,,,,,,,,,,,,,,,,,
2025-06-29,321.0,1207.0,,1493.0,,,,,110.0,,,,,,44.0,2156.0,,,,173.0,467.0,,7202.0,1169.0,142.0,,543.0,498.0,,3749.0,715.0,283.0,1262.0,23207.0,774.0,,,408.0,366.0,203.0,,,1139.0,,4930.0,,10098.0,1334.0,,0.0
2025-06-30,,,,,,,,,,,,,,,,,,,,,,,,,,,,,,,,,,,,,,,,,,,,,,,,,,
2025-07-06,307.0,1210.0,,1476.0,,,,,139.0,,,,,,120.0,1972.0,,,,176.0,523.0,,7328.0,1082.0,158.0,,383.0,481.0,,3872.0,657.0,280.0,1334.0,24139.0,802.0,,,359.0,379.0,183.0,,,1124.0,,3304.0,,10316.0,2032.0,,0.0
